Building...
info: MassTransit[0]
      Configured endpoint StockReservationRequested, Consumer: Catalog.API.Consumers.StockReservationRequestedConsumer
info: MassTransit[0]
      Configured endpoint StockReleaseRequested, Consumer: Catalog.API.Consumers.StockReleaseRequestedConsumer
info: Microsoft.Hosting.Lifetime[14]
      Now listening on: http://localhost:5035
info: Microsoft.Hosting.Lifetime[0]
      Application started. Press Ctrl+C to shut down.
info: Microsoft.Hosting.Lifetime[0]
      Hosting environment: Development
info: Microsoft.Hosting.Lifetime[0]
      Content root path: /Users/omerfarukbasaran/Documents/ecommerce-platform/src/Services/Catalog/Catalog.API
info: MassTransit[0]
      Bus started: rabbitmq://localhost/
warn: Microsoft.AspNetCore.HttpsPolicy.HttpsRedirectionMiddleware[3]
      Failed to determine the https port for redirect.
info: Microsoft.EntityFrameworkCore.Database.Command[20101]
      Executed DbCommand (13ms) [Parameters=[], CommandType='Text', CommandTimeout='30']
      SELECT c."Id", c."CreatedAt", c."Description", c."Name"
      FROM "Categories" AS c
info: Microsoft.EntityFrameworkCore.Database.Command[20101]
      Executed DbCommand (17ms) [Parameters=[], CommandType='Text', CommandTimeout='30']
      SELECT count(*)::int
      FROM "Products" AS p
      WHERE p."IsActive"
info: Microsoft.EntityFrameworkCore.Database.Command[20101]
      Executed DbCommand (25ms) [Parameters=[@__p_1='?' (DbType = Int32), @__p_0='?' (DbType = Int32)], CommandType='Text', CommandTimeout='30']
      SELECT t."Id", t."CategoryId", t."CreatedAt", t."Description", t."ImageUrl", t."IsActive", t."Name", t."Price", t."StockQuantity", t."UpdatedAt", c."Id", c."CreatedAt", c."Description", c."Name"
      FROM (
          SELECT p."Id", p."CategoryId", p."CreatedAt", p."Description", p."ImageUrl", p."IsActive", p."Name", p."Price", p."StockQuantity", p."UpdatedAt"
          FROM "Products" AS p
          WHERE p."IsActive"
          ORDER BY p."Name"
          LIMIT @__p_1 OFFSET @__p_0
      ) AS t
      INNER JOIN "Categories" AS c ON t."CategoryId" = c."Id"
      ORDER BY t."Name"
info: Microsoft.EntityFrameworkCore.Database.Command[20101]
      Executed DbCommand (1ms) [Parameters=[], CommandType='Text', CommandTimeout='30']
      SELECT c."Id", c."CreatedAt", c."Description", c."Name"
      FROM "Categories" AS c
info: Microsoft.EntityFrameworkCore.Database.Command[20101]
      Executed DbCommand (16ms) [Parameters=[@__id_0='?' (DbType = Guid)], CommandType='Text', CommandTimeout='30']
      SELECT p."Id", p."CategoryId", p."CreatedAt", p."Description", p."ImageUrl", p."IsActive", p."Name", p."Price", p."StockQuantity", p."UpdatedAt", c."Id", c."CreatedAt", c."Description", c."Name"
      FROM "Products" AS p
      INNER JOIN "Categories" AS c ON p."CategoryId" = c."Id"
      WHERE p."Id" = @__id_0
      LIMIT 1
info: Microsoft.EntityFrameworkCore.Database.Command[20101]
      Executed DbCommand (4ms) [Parameters=[@__id_0='?' (DbType = Guid)], CommandType='Text', CommandTimeout='30']
      SELECT p."Id", p."CategoryId", p."CreatedAt", p."Description", p."ImageUrl", p."IsActive", p."Name", p."Price", p."StockQuantity", p."UpdatedAt", c."Id", c."CreatedAt", c."Description", c."Name"
      FROM "Products" AS p
      INNER JOIN "Categories" AS c ON p."CategoryId" = c."Id"
      WHERE p."Id" = @__id_0
      LIMIT 1
info: Microsoft.EntityFrameworkCore.Database.Command[20101]
      Executed DbCommand (7ms) [Parameters=[], CommandType='Text', CommandTimeout='30']
      SELECT c."Id", c."CreatedAt", c."Description", c."Name"
      FROM "Categories" AS c
info: Microsoft.EntityFrameworkCore.Database.Command[20101]
      Executed DbCommand (2ms) [Parameters=[], CommandType='Text', CommandTimeout='30']
      SELECT c."Id", c."CreatedAt", c."Description", c."Name"
      FROM "Categories" AS c
info: Microsoft.EntityFrameworkCore.Database.Command[20101]
      Executed DbCommand (4ms) [Parameters=[@__q_CategoryId_Value_0='?' (DbType = Guid)], CommandType='Text', CommandTimeout='30']
      SELECT count(*)::int
      FROM "Products" AS p
      WHERE p."IsActive" AND p."CategoryId" = @__q_CategoryId_Value_0
info: Microsoft.EntityFrameworkCore.Database.Command[20101]
      Executed DbCommand (2ms) [Parameters=[@__q_CategoryId_Value_0='?' (DbType = Guid), @__p_2='?' (DbType = Int32), @__p_1='?' (DbType = Int32)], CommandType='Text', CommandTimeout='30']
      SELECT t."Id", t."CategoryId", t."CreatedAt", t."Description", t."ImageUrl", t."IsActive", t."Name", t."Price", t."StockQuantity", t."UpdatedAt", c."Id", c."CreatedAt", c."Description", c."Name"
      FROM (
          SELECT p."Id", p."CategoryId", p."CreatedAt", p."Description", p."ImageUrl", p."IsActive", p."Name", p."Price", p."StockQuantity", p."UpdatedAt"
          FROM "Products" AS p
          WHERE p."IsActive" AND p."CategoryId" = @__q_CategoryId_Value_0
          ORDER BY p."Name"
          LIMIT @__p_2 OFFSET @__p_1
      ) AS t
      INNER JOIN "Categories" AS c ON t."CategoryId" = c."Id"
      ORDER BY t."Name"
info: Microsoft.EntityFrameworkCore.Database.Command[20101]
      Executed DbCommand (3ms) [Parameters=[@__q_CategoryId_Value_0='?' (DbType = Guid)], CommandType='Text', CommandTimeout='30']
      SELECT count(*)::int
      FROM "Products" AS p
      WHERE p."IsActive" AND p."CategoryId" = @__q_CategoryId_Value_0
info: Microsoft.EntityFrameworkCore.Database.Command[20101]
      Executed DbCommand (1ms) [Parameters=[@__q_CategoryId_Value_0='?' (DbType = Guid), @__p_2='?' (DbType = Int32), @__p_1='?' (DbType = Int32)], CommandType='Text', CommandTimeout='30']
      SELECT t."Id", t."CategoryId", t."CreatedAt", t."Description", t."ImageUrl", t."IsActive", t."Name", t."Price", t."StockQuantity", t."UpdatedAt", c."Id", c."CreatedAt", c."Description", c."Name"
      FROM (
          SELECT p."Id", p."CategoryId", p."CreatedAt", p."Description", p."ImageUrl", p."IsActive", p."Name", p."Price", p."StockQuantity", p."UpdatedAt"
          FROM "Products" AS p
          WHERE p."IsActive" AND p."CategoryId" = @__q_CategoryId_Value_0
          ORDER BY p."Name"
          LIMIT @__p_2 OFFSET @__p_1
      ) AS t
      INNER JOIN "Categories" AS c ON t."CategoryId" = c."Id"
      ORDER BY t."Name"
info: Microsoft.EntityFrameworkCore.Database.Command[20101]
      Executed DbCommand (2ms) [Parameters=[@__q_CategoryId_Value_0='?' (DbType = Guid)], CommandType='Text', CommandTimeout='30']
      SELECT count(*)::int
      FROM "Products" AS p
      WHERE p."IsActive" AND p."CategoryId" = @__q_CategoryId_Value_0
info: Microsoft.EntityFrameworkCore.Database.Command[20101]
      Executed DbCommand (1ms) [Parameters=[@__q_CategoryId_Value_0='?' (DbType = Guid), @__p_2='?' (DbType = Int32), @__p_1='?' (DbType = Int32)], CommandType='Text', CommandTimeout='30']
      SELECT t."Id", t."CategoryId", t."CreatedAt", t."Description", t."ImageUrl", t."IsActive", t."Name", t."Price", t."StockQuantity", t."UpdatedAt", c."Id", c."CreatedAt", c."Description", c."Name"
      FROM (
          SELECT p."Id", p."CategoryId", p."CreatedAt", p."Description", p."ImageUrl", p."IsActive", p."Name", p."Price", p."StockQuantity", p."UpdatedAt"
          FROM "Products" AS p
          WHERE p."IsActive" AND p."CategoryId" = @__q_CategoryId_Value_0
          ORDER BY p."Name"
          LIMIT @__p_2 OFFSET @__p_1
      ) AS t
      INNER JOIN "Categories" AS c ON t."CategoryId" = c."Id"
      ORDER BY t."Name"
info: Microsoft.EntityFrameworkCore.Database.Command[20101]
      Executed DbCommand (9ms) [Parameters=[], CommandType='Text', CommandTimeout='30']
      SELECT c."Id", c."CreatedAt", c."Description", c."Name"
      FROM "Categories" AS c
info: Microsoft.EntityFrameworkCore.Database.Command[20101]
      Executed DbCommand (3ms) [Parameters=[], CommandType='Text', CommandTimeout='30']
      SELECT c."Id", c."CreatedAt", c."Description", c."Name"
      FROM "Categories" AS c
info: Microsoft.EntityFrameworkCore.Database.Command[20101]
      Executed DbCommand (21ms) [Parameters=[], CommandType='Text', CommandTimeout='30']
      SELECT c."Id", c."CreatedAt", c."Description", c."Name"
      FROM "Categories" AS c
info: Microsoft.EntityFrameworkCore.Database.Command[20101]
      Executed DbCommand (5ms) [Parameters=[], CommandType='Text', CommandTimeout='30']
      SELECT c."Id", c."CreatedAt", c."Description", c."Name"
      FROM "Categories" AS c
info: Microsoft.EntityFrameworkCore.Database.Command[20101]
      Executed DbCommand (3ms) [Parameters=[], CommandType='Text', CommandTimeout='30']
      SELECT c."Id", c."CreatedAt", c."Description", c."Name"
      FROM "Categories" AS c
info: Microsoft.EntityFrameworkCore.Database.Command[20101]
      Executed DbCommand (2ms) [Parameters=[], CommandType='Text', CommandTimeout='30']
      SELECT c."Id", c."CreatedAt", c."Description", c."Name"
      FROM "Categories" AS c
info: Microsoft.EntityFrameworkCore.Database.Command[20101]
      Executed DbCommand (7ms) [Parameters=[], CommandType='Text', CommandTimeout='30']
      SELECT c."Id", c."CreatedAt", c."Description", c."Name"
      FROM "Categories" AS c
info: Microsoft.EntityFrameworkCore.Database.Command[20101]
      Executed DbCommand (2ms) [Parameters=[], CommandType='Text', CommandTimeout='30']
      SELECT c."Id", c."CreatedAt", c."Description", c."Name"
      FROM "Categories" AS c
info: Microsoft.EntityFrameworkCore.Database.Command[20101]
      Executed DbCommand (12ms) [Parameters=[@__id_0='?' (DbType = Guid)], CommandType='Text', CommandTimeout='30']
      SELECT p."Id", p."CategoryId", p."CreatedAt", p."Description", p."ImageUrl", p."IsActive", p."Name", p."Price", p."StockQuantity", p."UpdatedAt", c."Id", c."CreatedAt", c."Description", c."Name"
      FROM "Products" AS p
      INNER JOIN "Categories" AS c ON p."CategoryId" = c."Id"
      WHERE p."Id" = @__id_0
      LIMIT 1
info: Microsoft.EntityFrameworkCore.Database.Command[20101]
      Executed DbCommand (5ms) [Parameters=[@__id_0='?' (DbType = Guid)], CommandType='Text', CommandTimeout='30']
      SELECT p."Id", p."CategoryId", p."CreatedAt", p."Description", p."ImageUrl", p."IsActive", p."Name", p."Price", p."StockQuantity", p."UpdatedAt", c."Id", c."CreatedAt", c."Description", c."Name"
      FROM "Products" AS p
      INNER JOIN "Categories" AS c ON p."CategoryId" = c."Id"
      WHERE p."Id" = @__id_0
      LIMIT 1
info: Microsoft.EntityFrameworkCore.Database.Command[20101]
      Executed DbCommand (29ms) [Parameters=[@__item_Quantity_1='?' (DbType = Int32), @__item_ProductId_0='?' (DbType = Guid)], CommandType='Text', CommandTimeout='30']
      UPDATE "Products" AS p
      SET "UpdatedAt" = now(),
          "StockQuantity" = p."StockQuantity" - @__item_Quantity_1
      WHERE p."Id" = @__item_ProductId_0 AND p."IsActive" AND p."StockQuantity" >= @__item_Quantity_1
info: Microsoft.EntityFrameworkCore.Database.Command[20101]
      Executed DbCommand (7ms) [Parameters=[@__item_Quantity_1='?' (DbType = Int32), @__item_ProductId_0='?' (DbType = Guid)], CommandType='Text', CommandTimeout='30']
      UPDATE "Products" AS p
      SET "UpdatedAt" = now(),
          "StockQuantity" = p."StockQuantity" - @__item_Quantity_1
      WHERE p."Id" = @__item_ProductId_0 AND p."IsActive" AND p."StockQuantity" >= @__item_Quantity_1
info: Microsoft.EntityFrameworkCore.Database.Command[20101]
      Executed DbCommand (7ms) [Parameters=[@__item_Quantity_1='?' (DbType = Int32), @__item_ProductId_0='?' (DbType = Guid)], CommandType='Text', CommandTimeout='30']
      UPDATE "Products" AS p
      SET "UpdatedAt" = now(),
          "StockQuantity" = p."StockQuantity" - @__item_Quantity_1
      WHERE p."Id" = @__item_ProductId_0 AND p."IsActive" AND p."StockQuantity" >= @__item_Quantity_1
info: Microsoft.EntityFrameworkCore.Database.Command[20101]
      Executed DbCommand (7ms) [Parameters=[@__item_Quantity_1='?' (DbType = Int32), @__item_ProductId_0='?' (DbType = Guid)], CommandType='Text', CommandTimeout='30']
      UPDATE "Products" AS p
      SET "UpdatedAt" = now(),
          "StockQuantity" = p."StockQuantity" - @__item_Quantity_1
      WHERE p."Id" = @__item_ProductId_0 AND p."IsActive" AND p."StockQuantity" >= @__item_Quantity_1
info: Microsoft.EntityFrameworkCore.Database.Command[20101]
      Executed DbCommand (11ms) [Parameters=[], CommandType='Text', CommandTimeout='30']
      SELECT c."Id", c."CreatedAt", c."Description", c."Name"
      FROM "Categories" AS c
info: Microsoft.EntityFrameworkCore.Database.Command[20101]
      Executed DbCommand (4ms) [Parameters=[], CommandType='Text', CommandTimeout='30']
      SELECT count(*)::int
      FROM "Products" AS p
      WHERE p."IsActive"
info: Microsoft.EntityFrameworkCore.Database.Command[20101]
      Executed DbCommand (4ms) [Parameters=[], CommandType='Text', CommandTimeout='30']
      SELECT c."Id", c."CreatedAt", c."Description", c."Name"
      FROM "Categories" AS c
info: Microsoft.EntityFrameworkCore.Database.Command[20101]
      Executed DbCommand (14ms) [Parameters=[@__p_1='?' (DbType = Int32), @__p_0='?' (DbType = Int32)], CommandType='Text', CommandTimeout='30']
      SELECT t."Id", t."CategoryId", t."CreatedAt", t."Description", t."ImageUrl", t."IsActive", t."Name", t."Price", t."StockQuantity", t."UpdatedAt", c."Id", c."CreatedAt", c."Description", c."Name"
      FROM (
          SELECT p."Id", p."CategoryId", p."CreatedAt", p."Description", p."ImageUrl", p."IsActive", p."Name", p."Price", p."StockQuantity", p."UpdatedAt"
          FROM "Products" AS p
          WHERE p."IsActive"
          ORDER BY p."Name"
          LIMIT @__p_1 OFFSET @__p_0
      ) AS t
      INNER JOIN "Categories" AS c ON t."CategoryId" = c."Id"
      ORDER BY t."Name"
info: Microsoft.EntityFrameworkCore.Database.Command[20101]
      Executed DbCommand (4ms) [Parameters=[@__q_CategoryId_Value_0='?' (DbType = Guid)], CommandType='Text', CommandTimeout='30']
      SELECT count(*)::int
      FROM "Products" AS p
      WHERE p."IsActive" AND p."CategoryId" = @__q_CategoryId_Value_0
info: Microsoft.EntityFrameworkCore.Database.Command[20101]
      Executed DbCommand (3ms) [Parameters=[@__q_CategoryId_Value_0='?' (DbType = Guid), @__p_2='?' (DbType = Int32), @__p_1='?' (DbType = Int32)], CommandType='Text', CommandTimeout='30']
      SELECT t."Id", t."CategoryId", t."CreatedAt", t."Description", t."ImageUrl", t."IsActive", t."Name", t."Price", t."StockQuantity", t."UpdatedAt", c."Id", c."CreatedAt", c."Description", c."Name"
      FROM (
          SELECT p."Id", p."CategoryId", p."CreatedAt", p."Description", p."ImageUrl", p."IsActive", p."Name", p."Price", p."StockQuantity", p."UpdatedAt"
          FROM "Products" AS p
          WHERE p."IsActive" AND p."CategoryId" = @__q_CategoryId_Value_0
          ORDER BY p."Name"
          LIMIT @__p_2 OFFSET @__p_1
      ) AS t
      INNER JOIN "Categories" AS c ON t."CategoryId" = c."Id"
      ORDER BY t."Name"
info: Microsoft.EntityFrameworkCore.Database.Command[20101]
      Executed DbCommand (2ms) [Parameters=[@__q_CategoryId_Value_0='?' (DbType = Guid)], CommandType='Text', CommandTimeout='30']
      SELECT count(*)::int
      FROM "Products" AS p
      WHERE p."IsActive" AND p."CategoryId" = @__q_CategoryId_Value_0
info: Microsoft.EntityFrameworkCore.Database.Command[20101]
      Executed DbCommand (2ms) [Parameters=[@__q_CategoryId_Value_0='?' (DbType = Guid), @__p_2='?' (DbType = Int32), @__p_1='?' (DbType = Int32)], CommandType='Text', CommandTimeout='30']
      SELECT t."Id", t."CategoryId", t."CreatedAt", t."Description", t."ImageUrl", t."IsActive", t."Name", t."Price", t."StockQuantity", t."UpdatedAt", c."Id", c."CreatedAt", c."Description", c."Name"
      FROM (
          SELECT p."Id", p."CategoryId", p."CreatedAt", p."Description", p."ImageUrl", p."IsActive", p."Name", p."Price", p."StockQuantity", p."UpdatedAt"
          FROM "Products" AS p
          WHERE p."IsActive" AND p."CategoryId" = @__q_CategoryId_Value_0
          ORDER BY p."Name"
          LIMIT @__p_2 OFFSET @__p_1
      ) AS t
      INNER JOIN "Categories" AS c ON t."CategoryId" = c."Id"
      ORDER BY t."Name"
info: Microsoft.EntityFrameworkCore.Database.Command[20101]
      Executed DbCommand (2ms) [Parameters=[@__q_CategoryId_Value_0='?' (DbType = Guid)], CommandType='Text', CommandTimeout='30']
      SELECT count(*)::int
      FROM "Products" AS p
      WHERE p."IsActive" AND p."CategoryId" = @__q_CategoryId_Value_0
info: Microsoft.EntityFrameworkCore.Database.Command[20101]
      Executed DbCommand (2ms) [Parameters=[@__q_CategoryId_Value_0='?' (DbType = Guid), @__p_2='?' (DbType = Int32), @__p_1='?' (DbType = Int32)], CommandType='Text', CommandTimeout='30']
      SELECT t."Id", t."CategoryId", t."CreatedAt", t."Description", t."ImageUrl", t."IsActive", t."Name", t."Price", t."StockQuantity", t."UpdatedAt", c."Id", c."CreatedAt", c."Description", c."Name"
      FROM (
          SELECT p."Id", p."CategoryId", p."CreatedAt", p."Description", p."ImageUrl", p."IsActive", p."Name", p."Price", p."StockQuantity", p."UpdatedAt"
          FROM "Products" AS p
          WHERE p."IsActive" AND p."CategoryId" = @__q_CategoryId_Value_0
          ORDER BY p."Name"
          LIMIT @__p_2 OFFSET @__p_1
      ) AS t
      INNER JOIN "Categories" AS c ON t."CategoryId" = c."Id"
      ORDER BY t."Name"
info: Microsoft.EntityFrameworkCore.Database.Command[20101]
      Executed DbCommand (2ms) [Parameters=[@__q_CategoryId_Value_0='?' (DbType = Guid)], CommandType='Text', CommandTimeout='30']
      SELECT count(*)::int
      FROM "Products" AS p
      WHERE p."IsActive" AND p."CategoryId" = @__q_CategoryId_Value_0
info: Microsoft.EntityFrameworkCore.Database.Command[20101]
      Executed DbCommand (1ms) [Parameters=[@__q_CategoryId_Value_0='?' (DbType = Guid), @__p_2='?' (DbType = Int32), @__p_1='?' (DbType = Int32)], CommandType='Text', CommandTimeout='30']
      SELECT t."Id", t."CategoryId", t."CreatedAt", t."Description", t."ImageUrl", t."IsActive", t."Name", t."Price", t."StockQuantity", t."UpdatedAt", c."Id", c."CreatedAt", c."Description", c."Name"
      FROM (
          SELECT p."Id", p."CategoryId", p."CreatedAt", p."Description", p."ImageUrl", p."IsActive", p."Name", p."Price", p."StockQuantity", p."UpdatedAt"
          FROM "Products" AS p
          WHERE p."IsActive" AND p."CategoryId" = @__q_CategoryId_Value_0
          ORDER BY p."Name"
          LIMIT @__p_2 OFFSET @__p_1
      ) AS t
      INNER JOIN "Categories" AS c ON t."CategoryId" = c."Id"
      ORDER BY t."Name"
info: Microsoft.EntityFrameworkCore.Database.Command[20101]
      Executed DbCommand (2ms) [Parameters=[@__q_CategoryId_Value_0='?' (DbType = Guid)], CommandType='Text', CommandTimeout='30']
      SELECT count(*)::int
      FROM "Products" AS p
      WHERE p."IsActive" AND p."CategoryId" = @__q_CategoryId_Value_0
info: Microsoft.EntityFrameworkCore.Database.Command[20101]
      Executed DbCommand (1ms) [Parameters=[@__q_CategoryId_Value_0='?' (DbType = Guid), @__p_2='?' (DbType = Int32), @__p_1='?' (DbType = Int32)], CommandType='Text', CommandTimeout='30']
      SELECT t."Id", t."CategoryId", t."CreatedAt", t."Description", t."ImageUrl", t."IsActive", t."Name", t."Price", t."StockQuantity", t."UpdatedAt", c."Id", c."CreatedAt", c."Description", c."Name"
      FROM (
          SELECT p."Id", p."CategoryId", p."CreatedAt", p."Description", p."ImageUrl", p."IsActive", p."Name", p."Price", p."StockQuantity", p."UpdatedAt"
          FROM "Products" AS p
          WHERE p."IsActive" AND p."CategoryId" = @__q_CategoryId_Value_0
          ORDER BY p."Name"
          LIMIT @__p_2 OFFSET @__p_1
      ) AS t
      INNER JOIN "Categories" AS c ON t."CategoryId" = c."Id"
      ORDER BY t."Name"
info: Microsoft.EntityFrameworkCore.Database.Command[20101]
      Executed DbCommand (3ms) [Parameters=[@__q_CategoryId_Value_0='?' (DbType = Guid)], CommandType='Text', CommandTimeout='30']
      SELECT count(*)::int
      FROM "Products" AS p
      WHERE p."IsActive" AND p."CategoryId" = @__q_CategoryId_Value_0
info: Microsoft.EntityFrameworkCore.Database.Command[20101]
      Executed DbCommand (1ms) [Parameters=[@__q_CategoryId_Value_0='?' (DbType = Guid), @__p_2='?' (DbType = Int32), @__p_1='?' (DbType = Int32)], CommandType='Text', CommandTimeout='30']
      SELECT t."Id", t."CategoryId", t."CreatedAt", t."Description", t."ImageUrl", t."IsActive", t."Name", t."Price", t."StockQuantity", t."UpdatedAt", c."Id", c."CreatedAt", c."Description", c."Name"
      FROM (
          SELECT p."Id", p."CategoryId", p."CreatedAt", p."Description", p."ImageUrl", p."IsActive", p."Name", p."Price", p."StockQuantity", p."UpdatedAt"
          FROM "Products" AS p
          WHERE p."IsActive" AND p."CategoryId" = @__q_CategoryId_Value_0
          ORDER BY p."Name"
          LIMIT @__p_2 OFFSET @__p_1
      ) AS t
      INNER JOIN "Categories" AS c ON t."CategoryId" = c."Id"
      ORDER BY t."Name"
info: Microsoft.EntityFrameworkCore.Database.Command[20101]
      Executed DbCommand (11ms) [Parameters=[], CommandType='Text', CommandTimeout='30']
      SELECT c."Id", c."CreatedAt", c."Description", c."Name"
      FROM "Categories" AS c
info: Microsoft.EntityFrameworkCore.Database.Command[20101]
      Executed DbCommand (2ms) [Parameters=[], CommandType='Text', CommandTimeout='30']
      SELECT c."Id", c."CreatedAt", c."Description", c."Name"
      FROM "Categories" AS c
info: Microsoft.EntityFrameworkCore.Database.Command[20101]
      Executed DbCommand (56ms) [Parameters=[], CommandType='Text', CommandTimeout='30']
      SELECT c."Id", c."CreatedAt", c."Description", c."Name"
      FROM "Categories" AS c
info: Microsoft.EntityFrameworkCore.Database.Command[20101]
      Executed DbCommand (52ms) [Parameters=[], CommandType='Text', CommandTimeout='30']
      SELECT count(*)::int
      FROM "Products" AS p
      WHERE p."IsActive"
info: Microsoft.EntityFrameworkCore.Database.Command[20101]
      Executed DbCommand (0ms) [Parameters=[], CommandType='Text', CommandTimeout='30']
      SELECT c."Id", c."CreatedAt", c."Description", c."Name"
      FROM "Categories" AS c
info: Microsoft.EntityFrameworkCore.Database.Command[20101]
      Executed DbCommand (14ms) [Parameters=[@__p_1='?' (DbType = Int32), @__p_0='?' (DbType = Int32)], CommandType='Text', CommandTimeout='30']
      SELECT t."Id", t."CategoryId", t."CreatedAt", t."Description", t."ImageUrl", t."IsActive", t."Name", t."Price", t."StockQuantity", t."UpdatedAt", c."Id", c."CreatedAt", c."Description", c."Name"
      FROM (
          SELECT p."Id", p."CategoryId", p."CreatedAt", p."Description", p."ImageUrl", p."IsActive", p."Name", p."Price", p."StockQuantity", p."UpdatedAt"
          FROM "Products" AS p
          WHERE p."IsActive"
          ORDER BY p."Name"
          LIMIT @__p_1 OFFSET @__p_0
      ) AS t
      INNER JOIN "Categories" AS c ON t."CategoryId" = c."Id"
      ORDER BY t."Name"
info: Microsoft.EntityFrameworkCore.Database.Command[20101]
      Executed DbCommand (9ms) [Parameters=[], CommandType='Text', CommandTimeout='30']
      SELECT c."Id", c."CreatedAt", c."Description", c."Name"
      FROM "Categories" AS c
info: Microsoft.EntityFrameworkCore.Database.Command[20101]
      Executed DbCommand (7ms) [Parameters=[], CommandType='Text', CommandTimeout='30']
      SELECT count(*)::int
      FROM "Products" AS p
      WHERE p."IsActive"
info: Microsoft.EntityFrameworkCore.Database.Command[20101]
      Executed DbCommand (3ms) [Parameters=[], CommandType='Text', CommandTimeout='30']
      SELECT c."Id", c."CreatedAt", c."Description", c."Name"
      FROM "Categories" AS c
info: Microsoft.EntityFrameworkCore.Database.Command[20101]
      Executed DbCommand (17ms) [Parameters=[@__p_1='?' (DbType = Int32), @__p_0='?' (DbType = Int32)], CommandType='Text', CommandTimeout='30']
      SELECT t."Id", t."CategoryId", t."CreatedAt", t."Description", t."ImageUrl", t."IsActive", t."Name", t."Price", t."StockQuantity", t."UpdatedAt", c."Id", c."CreatedAt", c."Description", c."Name"
      FROM (
          SELECT p."Id", p."CategoryId", p."CreatedAt", p."Description", p."ImageUrl", p."IsActive", p."Name", p."Price", p."StockQuantity", p."UpdatedAt"
          FROM "Products" AS p
          WHERE p."IsActive"
          ORDER BY p."Name"
          LIMIT @__p_1 OFFSET @__p_0
      ) AS t
      INNER JOIN "Categories" AS c ON t."CategoryId" = c."Id"
      ORDER BY t."Name"
info: Microsoft.EntityFrameworkCore.Database.Command[20101]
      Executed DbCommand (2ms) [Parameters=[], CommandType='Text', CommandTimeout='30']
      SELECT c."Id", c."CreatedAt", c."Description", c."Name"
      FROM "Categories" AS c
info: Microsoft.EntityFrameworkCore.Database.Command[20101]
      Executed DbCommand (3ms) [Parameters=[], CommandType='Text', CommandTimeout='30']
      SELECT c."Id", c."CreatedAt", c."Description", c."Name"
      FROM "Categories" AS c
info: Microsoft.EntityFrameworkCore.Database.Command[20101]
      Executed DbCommand (6ms) [Parameters=[], CommandType='Text', CommandTimeout='30']
      SELECT c."Id", c."CreatedAt", c."Description", c."Name"
      FROM "Categories" AS c
info: Microsoft.EntityFrameworkCore.Database.Command[20101]
      Executed DbCommand (5ms) [Parameters=[], CommandType='Text', CommandTimeout='30']
      SELECT c."Id", c."CreatedAt", c."Description", c."Name"
      FROM "Categories" AS c
info: Microsoft.EntityFrameworkCore.Database.Command[20101]
      Executed DbCommand (2ms) [Parameters=[], CommandType='Text', CommandTimeout='30']
      SELECT c."Id", c."CreatedAt", c."Description", c."Name"
      FROM "Categories" AS c
info: Microsoft.EntityFrameworkCore.Database.Command[20101]
      Executed DbCommand (1ms) [Parameters=[], CommandType='Text', CommandTimeout='30']
      SELECT c."Id", c."CreatedAt", c."Description", c."Name"
      FROM "Categories" AS c
info: Microsoft.EntityFrameworkCore.Database.Command[20101]
      Executed DbCommand (5ms) [Parameters=[], CommandType='Text', CommandTimeout='30']
      SELECT c."Id", c."CreatedAt", c."Description", c."Name"
      FROM "Categories" AS c
info: Microsoft.EntityFrameworkCore.Database.Command[20101]
      Executed DbCommand (1ms) [Parameters=[], CommandType='Text', CommandTimeout='30']
      SELECT c."Id", c."CreatedAt", c."Description", c."Name"
      FROM "Categories" AS c
info: Microsoft.EntityFrameworkCore.Database.Command[20101]
      Executed DbCommand (26ms) [Parameters=[@p0='?' (DbType = Guid), @p1='?' (DbType = DateTime), @p2='?', @p3='?'], CommandType='Text', CommandTimeout='30']
      INSERT INTO "Categories" ("Id", "CreatedAt", "Description", "Name")
      VALUES (@p0, @p1, @p2, @p3);
info: Microsoft.EntityFrameworkCore.Database.Command[20101]
      Executed DbCommand (4ms) [Parameters=[], CommandType='Text', CommandTimeout='30']
      SELECT c."Id", c."CreatedAt", c."Description", c."Name"
      FROM "Categories" AS c
info: Microsoft.EntityFrameworkCore.Database.Command[20101]
      Executed DbCommand (9ms) [Parameters=[], CommandType='Text', CommandTimeout='30']
      SELECT c."Id", c."CreatedAt", c."Description", c."Name"
      FROM "Categories" AS c
info: Microsoft.EntityFrameworkCore.Database.Command[20101]
      Executed DbCommand (2ms) [Parameters=[], CommandType='Text', CommandTimeout='30']
      SELECT c."Id", c."CreatedAt", c."Description", c."Name"
      FROM "Categories" AS c
info: Microsoft.EntityFrameworkCore.Database.Command[20101]
      Executed DbCommand (3ms) [Parameters=[@__get_Item_0='?' (DbType = Guid)], CommandType='Text', CommandTimeout='30']
      SELECT p."Id", p."CategoryId", p."CreatedAt", p."Description", p."ImageUrl", p."IsActive", p."Name", p."Price", p."StockQuantity", p."UpdatedAt"
      FROM "Products" AS p
      WHERE p."Id" = @__get_Item_0
      LIMIT 1
info: Microsoft.EntityFrameworkCore.Database.Command[20101]
      Executed DbCommand (17ms) [Parameters=[@p9='?' (DbType = Guid), @p0='?' (DbType = Guid), @p1='?' (DbType = DateTime), @p2='?', @p3='?', @p4='?' (DbType = Boolean), @p5='?', @p6='?' (DbType = Decimal), @p7='?' (DbType = Int32), @p8='?' (DbType = DateTime)], CommandType='Text', CommandTimeout='30']
      UPDATE "Products" SET "CategoryId" = @p0, "CreatedAt" = @p1, "Description" = @p2, "ImageUrl" = @p3, "IsActive" = @p4, "Name" = @p5, "Price" = @p6, "StockQuantity" = @p7, "UpdatedAt" = @p8
      WHERE "Id" = @p9;
info: Microsoft.EntityFrameworkCore.Database.Command[20101]
      Executed DbCommand (8ms) [Parameters=[@__get_Item_0='?' (DbType = Guid)], CommandType='Text', CommandTimeout='30']
      SELECT p."Id", p."CategoryId", p."CreatedAt", p."Description", p."ImageUrl", p."IsActive", p."Name", p."Price", p."StockQuantity", p."UpdatedAt"
      FROM "Products" AS p
      WHERE p."Id" = @__get_Item_0
      LIMIT 1
info: Microsoft.EntityFrameworkCore.Database.Command[20101]
      Executed DbCommand (5ms) [Parameters=[@p9='?' (DbType = Guid), @p0='?' (DbType = Guid), @p1='?' (DbType = DateTime), @p2='?', @p3='?', @p4='?' (DbType = Boolean), @p5='?', @p6='?' (DbType = Decimal), @p7='?' (DbType = Int32), @p8='?' (DbType = DateTime)], CommandType='Text', CommandTimeout='30']
      UPDATE "Products" SET "CategoryId" = @p0, "CreatedAt" = @p1, "Description" = @p2, "ImageUrl" = @p3, "IsActive" = @p4, "Name" = @p5, "Price" = @p6, "StockQuantity" = @p7, "UpdatedAt" = @p8
      WHERE "Id" = @p9;
info: Microsoft.EntityFrameworkCore.Database.Command[20101]
      Executed DbCommand (7ms) [Parameters=[@__get_Item_0='?' (DbType = Guid)], CommandType='Text', CommandTimeout='30']
      SELECT p."Id", p."CategoryId", p."CreatedAt", p."Description", p."ImageUrl", p."IsActive", p."Name", p."Price", p."StockQuantity", p."UpdatedAt"
      FROM "Products" AS p
      WHERE p."Id" = @__get_Item_0
      LIMIT 1
info: Microsoft.EntityFrameworkCore.Database.Command[20101]
      Executed DbCommand (8ms) [Parameters=[@p9='?' (DbType = Guid), @p0='?' (DbType = Guid), @p1='?' (DbType = DateTime), @p2='?', @p3='?', @p4='?' (DbType = Boolean), @p5='?', @p6='?' (DbType = Decimal), @p7='?' (DbType = Int32), @p8='?' (DbType = DateTime)], CommandType='Text', CommandTimeout='30']
      UPDATE "Products" SET "CategoryId" = @p0, "CreatedAt" = @p1, "Description" = @p2, "ImageUrl" = @p3, "IsActive" = @p4, "Name" = @p5, "Price" = @p6, "StockQuantity" = @p7, "UpdatedAt" = @p8
      WHERE "Id" = @p9;
info: Microsoft.EntityFrameworkCore.Database.Command[20101]
      Executed DbCommand (3ms) [Parameters=[], CommandType='Text', CommandTimeout='30']
      SELECT c."Id", c."CreatedAt", c."Description", c."Name"
      FROM "Categories" AS c
info: Microsoft.EntityFrameworkCore.Database.Command[20101]
      Executed DbCommand (2ms) [Parameters=[], CommandType='Text', CommandTimeout='30']
      SELECT c."Id", c."CreatedAt", c."Description", c."Name"
      FROM "Categories" AS c
info: Microsoft.EntityFrameworkCore.Database.Command[20101]
      Executed DbCommand (2ms) [Parameters=[], CommandType='Text', CommandTimeout='30']
      SELECT c."Id", c."CreatedAt", c."Description", c."Name"
      FROM "Categories" AS c
info: Microsoft.EntityFrameworkCore.Database.Command[20101]
      Executed DbCommand (2ms) [Parameters=[], CommandType='Text', CommandTimeout='30']
      SELECT c."Id", c."CreatedAt", c."Description", c."Name"
      FROM "Categories" AS c
info: Microsoft.EntityFrameworkCore.Database.Command[20101]
      Executed DbCommand (5ms) [Parameters=[], CommandType='Text', CommandTimeout='30']
      SELECT c."Id", c."CreatedAt", c."Description", c."Name"
      FROM "Categories" AS c
info: Microsoft.EntityFrameworkCore.Database.Command[20101]
      Executed DbCommand (1ms) [Parameters=[], CommandType='Text', CommandTimeout='30']
      SELECT c."Id", c."CreatedAt", c."Description", c."Name"
      FROM "Categories" AS c
info: Microsoft.EntityFrameworkCore.Database.Command[20101]
      Executed DbCommand (1ms) [Parameters=[], CommandType='Text', CommandTimeout='30']
      SELECT c."Id", c."CreatedAt", c."Description", c."Name"
      FROM "Categories" AS c
info: Microsoft.EntityFrameworkCore.Database.Command[20101]
      Executed DbCommand (2ms) [Parameters=[], CommandType='Text', CommandTimeout='30']
      SELECT c."Id", c."CreatedAt", c."Description", c."Name"
      FROM "Categories" AS c
info: Microsoft.EntityFrameworkCore.Database.Command[20101]
      Executed DbCommand (1ms) [Parameters=[], CommandType='Text', CommandTimeout='30']
      SELECT c."Id", c."CreatedAt", c."Description", c."Name"
      FROM "Categories" AS c
info: Microsoft.EntityFrameworkCore.Database.Command[20101]
      Executed DbCommand (1ms) [Parameters=[], CommandType='Text', CommandTimeout='30']
      SELECT c."Id", c."CreatedAt", c."Description", c."Name"
      FROM "Categories" AS c
info: Microsoft.EntityFrameworkCore.Database.Command[20101]
      Executed DbCommand (19ms) [Parameters=[], CommandType='Text', CommandTimeout='30']
      SELECT c."Id", c."CreatedAt", c."Description", c."Name"
      FROM "Categories" AS c
info: Microsoft.EntityFrameworkCore.Database.Command[20101]
      Executed DbCommand (1ms) [Parameters=[], CommandType='Text', CommandTimeout='30']
      SELECT c."Id", c."CreatedAt", c."Description", c."Name"
      FROM "Categories" AS c
info: Microsoft.EntityFrameworkCore.Database.Command[20101]
      Executed DbCommand (13ms) [Parameters=[], CommandType='Text', CommandTimeout='30']
      SELECT count(*)::int
      FROM "Products" AS p
      WHERE p."IsActive"
info: Microsoft.EntityFrameworkCore.Database.Command[20101]
      Executed DbCommand (4ms) [Parameters=[@__p_1='?' (DbType = Int32), @__p_0='?' (DbType = Int32)], CommandType='Text', CommandTimeout='30']
      SELECT t."Id", t."CategoryId", t."CreatedAt", t."Description", t."ImageUrl", t."IsActive", t."Name", t."Price", t."StockQuantity", t."UpdatedAt", c."Id", c."CreatedAt", c."Description", c."Name"
      FROM (
          SELECT p."Id", p."CategoryId", p."CreatedAt", p."Description", p."ImageUrl", p."IsActive", p."Name", p."Price", p."StockQuantity", p."UpdatedAt"
          FROM "Products" AS p
          WHERE p."IsActive"
          ORDER BY p."Name"
          LIMIT @__p_1 OFFSET @__p_0
      ) AS t
      INNER JOIN "Categories" AS c ON t."CategoryId" = c."Id"
      ORDER BY t."Name"
info: Microsoft.EntityFrameworkCore.Database.Command[20101]
      Executed DbCommand (5ms) [Parameters=[], CommandType='Text', CommandTimeout='30']
      SELECT c."Id", c."CreatedAt", c."Description", c."Name"
      FROM "Categories" AS c
info: Microsoft.EntityFrameworkCore.Database.Command[20101]
      Executed DbCommand (4ms) [Parameters=[], CommandType='Text', CommandTimeout='30']
      SELECT c."Id", c."CreatedAt", c."Description", c."Name"
      FROM "Categories" AS c
info: Microsoft.EntityFrameworkCore.Database.Command[20101]
      Executed DbCommand (2ms) [Parameters=[], CommandType='Text', CommandTimeout='30']
      SELECT c."Id", c."CreatedAt", c."Description", c."Name"
      FROM "Categories" AS c
info: Microsoft.EntityFrameworkCore.Database.Command[20101]
      Executed DbCommand (2ms) [Parameters=[], CommandType='Text', CommandTimeout='30']
      SELECT c."Id", c."CreatedAt", c."Description", c."Name"
      FROM "Categories" AS c
info: Microsoft.EntityFrameworkCore.Database.Command[20101]
      Executed DbCommand (20ms) [Parameters=[], CommandType='Text', CommandTimeout='30']
      SELECT count(*)::int
      FROM "Products" AS p
      WHERE p."IsActive"
info: Microsoft.EntityFrameworkCore.Database.Command[20101]
      Executed DbCommand (20ms) [Parameters=[], CommandType='Text', CommandTimeout='30']
      SELECT c."Id", c."CreatedAt", c."Description", c."Name"
      FROM "Categories" AS c
info: Microsoft.EntityFrameworkCore.Database.Command[20101]
      Executed DbCommand (1ms) [Parameters=[], CommandType='Text', CommandTimeout='30']
      SELECT c."Id", c."CreatedAt", c."Description", c."Name"
      FROM "Categories" AS c
info: Microsoft.EntityFrameworkCore.Database.Command[20101]
      Executed DbCommand (11ms) [Parameters=[@__p_1='?' (DbType = Int32), @__p_0='?' (DbType = Int32)], CommandType='Text', CommandTimeout='30']
      SELECT t."Id", t."CategoryId", t."CreatedAt", t."Description", t."ImageUrl", t."IsActive", t."Name", t."Price", t."StockQuantity", t."UpdatedAt", c."Id", c."CreatedAt", c."Description", c."Name"
      FROM (
          SELECT p."Id", p."CategoryId", p."CreatedAt", p."Description", p."ImageUrl", p."IsActive", p."Name", p."Price", p."StockQuantity", p."UpdatedAt"
          FROM "Products" AS p
          WHERE p."IsActive"
          ORDER BY p."Name"
          LIMIT @__p_1 OFFSET @__p_0
      ) AS t
      INNER JOIN "Categories" AS c ON t."CategoryId" = c."Id"
      ORDER BY t."Name"
info: Microsoft.EntityFrameworkCore.Database.Command[20101]
      Executed DbCommand (21ms) [Parameters=[@__q_CategoryId_Value_0='?' (DbType = Guid)], CommandType='Text', CommandTimeout='30']
      SELECT count(*)::int
      FROM "Products" AS p
      WHERE p."IsActive" AND p."CategoryId" = @__q_CategoryId_Value_0
info: Microsoft.EntityFrameworkCore.Database.Command[20101]
      Executed DbCommand (3ms) [Parameters=[@__q_CategoryId_Value_0='?' (DbType = Guid), @__p_2='?' (DbType = Int32), @__p_1='?' (DbType = Int32)], CommandType='Text', CommandTimeout='30']
      SELECT t."Id", t."CategoryId", t."CreatedAt", t."Description", t."ImageUrl", t."IsActive", t."Name", t."Price", t."StockQuantity", t."UpdatedAt", c."Id", c."CreatedAt", c."Description", c."Name"
      FROM (
          SELECT p."Id", p."CategoryId", p."CreatedAt", p."Description", p."ImageUrl", p."IsActive", p."Name", p."Price", p."StockQuantity", p."UpdatedAt"
          FROM "Products" AS p
          WHERE p."IsActive" AND p."CategoryId" = @__q_CategoryId_Value_0
          ORDER BY p."Name"
          LIMIT @__p_2 OFFSET @__p_1
      ) AS t
      INNER JOIN "Categories" AS c ON t."CategoryId" = c."Id"
      ORDER BY t."Name"
info: Microsoft.EntityFrameworkCore.Database.Command[20101]
      Executed DbCommand (2ms) [Parameters=[@__q_CategoryId_Value_0='?' (DbType = Guid)], CommandType='Text', CommandTimeout='30']
      SELECT count(*)::int
      FROM "Products" AS p
      WHERE p."IsActive" AND p."CategoryId" = @__q_CategoryId_Value_0
info: Microsoft.EntityFrameworkCore.Database.Command[20101]
      Executed DbCommand (13ms) [Parameters=[@__q_CategoryId_Value_0='?' (DbType = Guid), @__p_2='?' (DbType = Int32), @__p_1='?' (DbType = Int32)], CommandType='Text', CommandTimeout='30']
      SELECT t."Id", t."CategoryId", t."CreatedAt", t."Description", t."ImageUrl", t."IsActive", t."Name", t."Price", t."StockQuantity", t."UpdatedAt", c."Id", c."CreatedAt", c."Description", c."Name"
      FROM (
          SELECT p."Id", p."CategoryId", p."CreatedAt", p."Description", p."ImageUrl", p."IsActive", p."Name", p."Price", p."StockQuantity", p."UpdatedAt"
          FROM "Products" AS p
          WHERE p."IsActive" AND p."CategoryId" = @__q_CategoryId_Value_0
          ORDER BY p."Name"
          LIMIT @__p_2 OFFSET @__p_1
      ) AS t
      INNER JOIN "Categories" AS c ON t."CategoryId" = c."Id"
      ORDER BY t."Name"
info: Microsoft.EntityFrameworkCore.Database.Command[20101]
      Executed DbCommand (4ms) [Parameters=[], CommandType='Text', CommandTimeout='30']
      SELECT c."Id", c."CreatedAt", c."Description", c."Name"
      FROM "Categories" AS c
info: Microsoft.EntityFrameworkCore.Database.Command[20101]
      Executed DbCommand (3ms) [Parameters=[], CommandType='Text', CommandTimeout='30']
      SELECT count(*)::int
      FROM "Products" AS p
      WHERE p."IsActive"
info: Microsoft.EntityFrameworkCore.Database.Command[20101]
      Executed DbCommand (1ms) [Parameters=[], CommandType='Text', CommandTimeout='30']
      SELECT c."Id", c."CreatedAt", c."Description", c."Name"
      FROM "Categories" AS c
info: Microsoft.EntityFrameworkCore.Database.Command[20101]
      Executed DbCommand (5ms) [Parameters=[@__p_1='?' (DbType = Int32), @__p_0='?' (DbType = Int32)], CommandType='Text', CommandTimeout='30']
      SELECT t."Id", t."CategoryId", t."CreatedAt", t."Description", t."ImageUrl", t."IsActive", t."Name", t."Price", t."StockQuantity", t."UpdatedAt", c."Id", c."CreatedAt", c."Description", c."Name"
      FROM (
          SELECT p."Id", p."CategoryId", p."CreatedAt", p."Description", p."ImageUrl", p."IsActive", p."Name", p."Price", p."StockQuantity", p."UpdatedAt"
          FROM "Products" AS p
          WHERE p."IsActive"
          ORDER BY p."Name"
          LIMIT @__p_1 OFFSET @__p_0
      ) AS t
      INNER JOIN "Categories" AS c ON t."CategoryId" = c."Id"
      ORDER BY t."Name"
info: Microsoft.EntityFrameworkCore.Database.Command[20101]
      Executed DbCommand (2ms) [Parameters=[], CommandType='Text', CommandTimeout='30']
      SELECT c."Id", c."CreatedAt", c."Description", c."Name"
      FROM "Categories" AS c
info: Microsoft.EntityFrameworkCore.Database.Command[20101]
      Executed DbCommand (1ms) [Parameters=[], CommandType='Text', CommandTimeout='30']
      SELECT c."Id", c."CreatedAt", c."Description", c."Name"
      FROM "Categories" AS c
info: Microsoft.EntityFrameworkCore.Database.Command[20101]
      Executed DbCommand (2ms) [Parameters=[], CommandType='Text', CommandTimeout='30']
      SELECT c."Id", c."CreatedAt", c."Description", c."Name"
      FROM "Categories" AS c
info: Microsoft.EntityFrameworkCore.Database.Command[20101]
      Executed DbCommand (1ms) [Parameters=[], CommandType='Text', CommandTimeout='30']
      SELECT c."Id", c."CreatedAt", c."Description", c."Name"
      FROM "Categories" AS c
info: Microsoft.EntityFrameworkCore.Database.Command[20101]
      Executed DbCommand (2ms) [Parameters=[], CommandType='Text', CommandTimeout='30']
      SELECT c."Id", c."CreatedAt", c."Description", c."Name"
      FROM "Categories" AS c
info: Microsoft.EntityFrameworkCore.Database.Command[20101]
      Executed DbCommand (1ms) [Parameters=[], CommandType='Text', CommandTimeout='30']
      SELECT c."Id", c."CreatedAt", c."Description", c."Name"
      FROM "Categories" AS c
info: Microsoft.EntityFrameworkCore.Database.Command[20101]
      Executed DbCommand (25ms) [Parameters=[@p0='?' (DbType = Guid), @p1='?' (DbType = Guid), @p2='?' (DbType = DateTime), @p3='?', @p4='?', @p5='?' (DbType = Boolean), @p6='?', @p7='?' (DbType = Decimal), @p8='?' (DbType = Int32), @p9='?' (DbType = DateTime)], CommandType='Text', CommandTimeout='30']
      INSERT INTO "Products" ("Id", "CategoryId", "CreatedAt", "Description", "ImageUrl", "IsActive", "Name", "Price", "StockQuantity", "UpdatedAt")
      VALUES (@p0, @p1, @p2, @p3, @p4, @p5, @p6, @p7, @p8, @p9);
info: Microsoft.EntityFrameworkCore.Database.Command[20101]
      Executed DbCommand (2ms) [Parameters=[@__product_Id_0='?' (DbType = Guid)], CommandType='Text', CommandTimeout='30']
      SELECT p."Id", p."CategoryId", p."CreatedAt", p."Description", p."ImageUrl", p."IsActive", p."Name", p."Price", p."StockQuantity", p."UpdatedAt", c."Id", c."CreatedAt", c."Description", c."Name"
      FROM "Products" AS p
      INNER JOIN "Categories" AS c ON p."CategoryId" = c."Id"
      WHERE p."Id" = @__product_Id_0
      LIMIT 1
info: Microsoft.EntityFrameworkCore.Database.Command[20101]
      Executed DbCommand (2ms) [Parameters=[], CommandType='Text', CommandTimeout='30']
      SELECT c."Id", c."CreatedAt", c."Description", c."Name"
      FROM "Categories" AS c
info: Microsoft.EntityFrameworkCore.Database.Command[20101]
      Executed DbCommand (1ms) [Parameters=[], CommandType='Text', CommandTimeout='30']
      SELECT c."Id", c."CreatedAt", c."Description", c."Name"
      FROM "Categories" AS c
info: Microsoft.EntityFrameworkCore.Database.Command[20101]
      Executed DbCommand (1ms) [Parameters=[], CommandType='Text', CommandTimeout='30']
      SELECT c."Id", c."CreatedAt", c."Description", c."Name"
      FROM "Categories" AS c
info: Microsoft.EntityFrameworkCore.Database.Command[20101]
      Executed DbCommand (3ms) [Parameters=[], CommandType='Text', CommandTimeout='30']
      SELECT c."Id", c."CreatedAt", c."Description", c."Name"
      FROM "Categories" AS c
info: Microsoft.EntityFrameworkCore.Database.Command[20101]
      Executed DbCommand (2ms) [Parameters=[], CommandType='Text', CommandTimeout='30']
      SELECT c."Id", c."CreatedAt", c."Description", c."Name"
      FROM "Categories" AS c
info: Microsoft.EntityFrameworkCore.Database.Command[20101]
      Executed DbCommand (1ms) [Parameters=[], CommandType='Text', CommandTimeout='30']
      SELECT c."Id", c."CreatedAt", c."Description", c."Name"
      FROM "Categories" AS c
info: Microsoft.EntityFrameworkCore.Database.Command[20101]
      Executed DbCommand (1ms) [Parameters=[], CommandType='Text', CommandTimeout='30']
      SELECT c."Id", c."CreatedAt", c."Description", c."Name"
      FROM "Categories" AS c
info: Microsoft.EntityFrameworkCore.Database.Command[20101]
      Executed DbCommand (4ms) [Parameters=[], CommandType='Text', CommandTimeout='30']
      SELECT c."Id", c."CreatedAt", c."Description", c."Name"
      FROM "Categories" AS c
info: Microsoft.EntityFrameworkCore.Database.Command[20101]
      Executed DbCommand (2ms) [Parameters=[], CommandType='Text', CommandTimeout='30']
      SELECT count(*)::int
      FROM "Products" AS p
      WHERE p."IsActive"
info: Microsoft.EntityFrameworkCore.Database.Command[20101]
      Executed DbCommand (2ms) [Parameters=[@__p_1='?' (DbType = Int32), @__p_0='?' (DbType = Int32)], CommandType='Text', CommandTimeout='30']
      SELECT t."Id", t."CategoryId", t."CreatedAt", t."Description", t."ImageUrl", t."IsActive", t."Name", t."Price", t."StockQuantity", t."UpdatedAt", c."Id", c."CreatedAt", c."Description", c."Name"
      FROM (
          SELECT p."Id", p."CategoryId", p."CreatedAt", p."Description", p."ImageUrl", p."IsActive", p."Name", p."Price", p."StockQuantity", p."UpdatedAt"
          FROM "Products" AS p
          WHERE p."IsActive"
          ORDER BY p."Name"
          LIMIT @__p_1 OFFSET @__p_0
      ) AS t
      INNER JOIN "Categories" AS c ON t."CategoryId" = c."Id"
      ORDER BY t."Name"
info: Microsoft.EntityFrameworkCore.Database.Command[20101]
      Executed DbCommand (5ms) [Parameters=[@__q_CategoryId_Value_0='?' (DbType = Guid)], CommandType='Text', CommandTimeout='30']
      SELECT count(*)::int
      FROM "Products" AS p
      WHERE p."IsActive" AND p."CategoryId" = @__q_CategoryId_Value_0
info: Microsoft.EntityFrameworkCore.Database.Command[20101]
      Executed DbCommand (2ms) [Parameters=[@__q_CategoryId_Value_0='?' (DbType = Guid), @__p_2='?' (DbType = Int32), @__p_1='?' (DbType = Int32)], CommandType='Text', CommandTimeout='30']
      SELECT t."Id", t."CategoryId", t."CreatedAt", t."Description", t."ImageUrl", t."IsActive", t."Name", t."Price", t."StockQuantity", t."UpdatedAt", c."Id", c."CreatedAt", c."Description", c."Name"
      FROM (
          SELECT p."Id", p."CategoryId", p."CreatedAt", p."Description", p."ImageUrl", p."IsActive", p."Name", p."Price", p."StockQuantity", p."UpdatedAt"
          FROM "Products" AS p
          WHERE p."IsActive" AND p."CategoryId" = @__q_CategoryId_Value_0
          ORDER BY p."Name"
          LIMIT @__p_2 OFFSET @__p_1
      ) AS t
      INNER JOIN "Categories" AS c ON t."CategoryId" = c."Id"
      ORDER BY t."Name"
info: Microsoft.EntityFrameworkCore.Database.Command[20101]
      Executed DbCommand (1ms) [Parameters=[@__q_CategoryId_Value_0='?' (DbType = Guid)], CommandType='Text', CommandTimeout='30']
      SELECT count(*)::int
      FROM "Products" AS p
      WHERE p."IsActive" AND p."CategoryId" = @__q_CategoryId_Value_0
info: Microsoft.EntityFrameworkCore.Database.Command[20101]
      Executed DbCommand (1ms) [Parameters=[@__q_CategoryId_Value_0='?' (DbType = Guid), @__p_2='?' (DbType = Int32), @__p_1='?' (DbType = Int32)], CommandType='Text', CommandTimeout='30']
      SELECT t."Id", t."CategoryId", t."CreatedAt", t."Description", t."ImageUrl", t."IsActive", t."Name", t."Price", t."StockQuantity", t."UpdatedAt", c."Id", c."CreatedAt", c."Description", c."Name"
      FROM (
          SELECT p."Id", p."CategoryId", p."CreatedAt", p."Description", p."ImageUrl", p."IsActive", p."Name", p."Price", p."StockQuantity", p."UpdatedAt"
          FROM "Products" AS p
          WHERE p."IsActive" AND p."CategoryId" = @__q_CategoryId_Value_0
          ORDER BY p."Name"
          LIMIT @__p_2 OFFSET @__p_1
      ) AS t
      INNER JOIN "Categories" AS c ON t."CategoryId" = c."Id"
      ORDER BY t."Name"
info: Microsoft.EntityFrameworkCore.Database.Command[20101]
      Executed DbCommand (9ms) [Parameters=[], CommandType='Text', CommandTimeout='30']
      SELECT c."Id", c."CreatedAt", c."Description", c."Name"
      FROM "Categories" AS c
info: Microsoft.EntityFrameworkCore.Database.Command[20101]
      Executed DbCommand (2ms) [Parameters=[], CommandType='Text', CommandTimeout='30']
      SELECT c."Id", c."CreatedAt", c."Description", c."Name"
      FROM "Categories" AS c
info: Microsoft.EntityFrameworkCore.Database.Command[20101]
      Executed DbCommand (1ms) [Parameters=[], CommandType='Text', CommandTimeout='30']
      SELECT c."Id", c."CreatedAt", c."Description", c."Name"
      FROM "Categories" AS c
info: Microsoft.EntityFrameworkCore.Database.Command[20101]
      Executed DbCommand (2ms) [Parameters=[], CommandType='Text', CommandTimeout='30']
      SELECT c."Id", c."CreatedAt", c."Description", c."Name"
      FROM "Categories" AS c
info: Microsoft.EntityFrameworkCore.Database.Command[20101]
      Executed DbCommand (9ms) [Parameters=[@__get_Item_0='?' (DbType = Guid)], CommandType='Text', CommandTimeout='30']
      SELECT c."Id", c."CreatedAt", c."Description", c."Name"
      FROM "Categories" AS c
      WHERE c."Id" = @__get_Item_0
      LIMIT 1
info: Microsoft.EntityFrameworkCore.Database.Command[20101]
      Executed DbCommand (9ms) [Parameters=[@p0='?' (DbType = Guid)], CommandType='Text', CommandTimeout='30']
      DELETE FROM "Categories"
      WHERE "Id" = @p0;
info: Microsoft.EntityFrameworkCore.Database.Command[20101]
      Executed DbCommand (2ms) [Parameters=[], CommandType='Text', CommandTimeout='30']
      SELECT c."Id", c."CreatedAt", c."Description", c."Name"
      FROM "Categories" AS c
info: Microsoft.EntityFrameworkCore.Database.Command[20101]
      Executed DbCommand (2ms) [Parameters=[], CommandType='Text', CommandTimeout='30']
      SELECT c."Id", c."CreatedAt", c."Description", c."Name"
      FROM "Categories" AS c
info: Microsoft.EntityFrameworkCore.Database.Command[20101]
      Executed DbCommand (4ms) [Parameters=[], CommandType='Text', CommandTimeout='30']
      SELECT c."Id", c."CreatedAt", c."Description", c."Name"
      FROM "Categories" AS c
info: Microsoft.EntityFrameworkCore.Database.Command[20101]
      Executed DbCommand (5ms) [Parameters=[@__q_CategoryId_Value_0='?' (DbType = Guid)], CommandType='Text', CommandTimeout='30']
      SELECT count(*)::int
      FROM "Products" AS p
      WHERE p."IsActive" AND p."CategoryId" = @__q_CategoryId_Value_0
info: Microsoft.EntityFrameworkCore.Database.Command[20101]
      Executed DbCommand (8ms) [Parameters=[@__q_CategoryId_Value_0='?' (DbType = Guid), @__p_2='?' (DbType = Int32), @__p_1='?' (DbType = Int32)], CommandType='Text', CommandTimeout='30']
      SELECT t."Id", t."CategoryId", t."CreatedAt", t."Description", t."ImageUrl", t."IsActive", t."Name", t."Price", t."StockQuantity", t."UpdatedAt", c."Id", c."CreatedAt", c."Description", c."Name"
      FROM (
          SELECT p."Id", p."CategoryId", p."CreatedAt", p."Description", p."ImageUrl", p."IsActive", p."Name", p."Price", p."StockQuantity", p."UpdatedAt"
          FROM "Products" AS p
          WHERE p."IsActive" AND p."CategoryId" = @__q_CategoryId_Value_0
          ORDER BY p."Name"
          LIMIT @__p_2 OFFSET @__p_1
      ) AS t
      INNER JOIN "Categories" AS c ON t."CategoryId" = c."Id"
      ORDER BY t."Name"
info: Microsoft.EntityFrameworkCore.Database.Command[20101]
      Executed DbCommand (2ms) [Parameters=[@__q_CategoryId_Value_0='?' (DbType = Guid)], CommandType='Text', CommandTimeout='30']
      SELECT count(*)::int
      FROM "Products" AS p
      WHERE p."IsActive" AND p."CategoryId" = @__q_CategoryId_Value_0
info: Microsoft.EntityFrameworkCore.Database.Command[20101]
      Executed DbCommand (1ms) [Parameters=[@__q_CategoryId_Value_0='?' (DbType = Guid), @__p_2='?' (DbType = Int32), @__p_1='?' (DbType = Int32)], CommandType='Text', CommandTimeout='30']
      SELECT t."Id", t."CategoryId", t."CreatedAt", t."Description", t."ImageUrl", t."IsActive", t."Name", t."Price", t."StockQuantity", t."UpdatedAt", c."Id", c."CreatedAt", c."Description", c."Name"
      FROM (
          SELECT p."Id", p."CategoryId", p."CreatedAt", p."Description", p."ImageUrl", p."IsActive", p."Name", p."Price", p."StockQuantity", p."UpdatedAt"
          FROM "Products" AS p
          WHERE p."IsActive" AND p."CategoryId" = @__q_CategoryId_Value_0
          ORDER BY p."Name"
          LIMIT @__p_2 OFFSET @__p_1
      ) AS t
      INNER JOIN "Categories" AS c ON t."CategoryId" = c."Id"
      ORDER BY t."Name"
info: Microsoft.EntityFrameworkCore.Database.Command[20101]
      Executed DbCommand (9ms) [Parameters=[], CommandType='Text', CommandTimeout='30']
      SELECT c."Id", c."CreatedAt", c."Description", c."Name"
      FROM "Categories" AS c
info: Microsoft.EntityFrameworkCore.Database.Command[20101]
      Executed DbCommand (8ms) [Parameters=[], CommandType='Text', CommandTimeout='30']
      SELECT c."Id", c."CreatedAt", c."Description", c."Name"
      FROM "Categories" AS c
info: Microsoft.EntityFrameworkCore.Database.Command[20101]
      Executed DbCommand (1ms) [Parameters=[], CommandType='Text', CommandTimeout='30']
      SELECT c."Id", c."CreatedAt", c."Description", c."Name"
      FROM "Categories" AS c
info: Microsoft.EntityFrameworkCore.Database.Command[20101]
      Executed DbCommand (2ms) [Parameters=[], CommandType='Text', CommandTimeout='30']
      SELECT c."Id", c."CreatedAt", c."Description", c."Name"
      FROM "Categories" AS c
info: Microsoft.EntityFrameworkCore.Database.Command[20101]
      Executed DbCommand (13ms) [Parameters=[@p0='?' (DbType = Guid), @p1='?' (DbType = Guid), @p2='?' (DbType = DateTime), @p3='?', @p4='?', @p5='?' (DbType = Boolean), @p6='?', @p7='?' (DbType = Decimal), @p8='?' (DbType = Int32), @p9='?' (DbType = DateTime)], CommandType='Text', CommandTimeout='30']
      INSERT INTO "Products" ("Id", "CategoryId", "CreatedAt", "Description", "ImageUrl", "IsActive", "Name", "Price", "StockQuantity", "UpdatedAt")
      VALUES (@p0, @p1, @p2, @p3, @p4, @p5, @p6, @p7, @p8, @p9);
info: Microsoft.EntityFrameworkCore.Database.Command[20101]
      Executed DbCommand (2ms) [Parameters=[@__product_Id_0='?' (DbType = Guid)], CommandType='Text', CommandTimeout='30']
      SELECT p."Id", p."CategoryId", p."CreatedAt", p."Description", p."ImageUrl", p."IsActive", p."Name", p."Price", p."StockQuantity", p."UpdatedAt", c."Id", c."CreatedAt", c."Description", c."Name"
      FROM "Products" AS p
      INNER JOIN "Categories" AS c ON p."CategoryId" = c."Id"
      WHERE p."Id" = @__product_Id_0
      LIMIT 1
info: Microsoft.EntityFrameworkCore.Database.Command[20101]
      Executed DbCommand (2ms) [Parameters=[], CommandType='Text', CommandTimeout='30']
      SELECT c."Id", c."CreatedAt", c."Description", c."Name"
      FROM "Categories" AS c
info: Microsoft.EntityFrameworkCore.Database.Command[20101]
      Executed DbCommand (1ms) [Parameters=[], CommandType='Text', CommandTimeout='30']
      SELECT c."Id", c."CreatedAt", c."Description", c."Name"
      FROM "Categories" AS c
info: Microsoft.EntityFrameworkCore.Database.Command[20101]
      Executed DbCommand (1ms) [Parameters=[], CommandType='Text', CommandTimeout='30']
      SELECT c."Id", c."CreatedAt", c."Description", c."Name"
      FROM "Categories" AS c
info: Microsoft.EntityFrameworkCore.Database.Command[20101]
      Executed DbCommand (2ms) [Parameters=[], CommandType='Text', CommandTimeout='30']
      SELECT count(*)::int
      FROM "Products" AS p
      WHERE p."IsActive"
info: Microsoft.EntityFrameworkCore.Database.Command[20101]
      Executed DbCommand (3ms) [Parameters=[@__p_1='?' (DbType = Int32), @__p_0='?' (DbType = Int32)], CommandType='Text', CommandTimeout='30']
      SELECT t."Id", t."CategoryId", t."CreatedAt", t."Description", t."ImageUrl", t."IsActive", t."Name", t."Price", t."StockQuantity", t."UpdatedAt", c."Id", c."CreatedAt", c."Description", c."Name"
      FROM (
          SELECT p."Id", p."CategoryId", p."CreatedAt", p."Description", p."ImageUrl", p."IsActive", p."Name", p."Price", p."StockQuantity", p."UpdatedAt"
          FROM "Products" AS p
          WHERE p."IsActive"
          ORDER BY p."Name"
          LIMIT @__p_1 OFFSET @__p_0
      ) AS t
      INNER JOIN "Categories" AS c ON t."CategoryId" = c."Id"
      ORDER BY t."Name"
info: Microsoft.EntityFrameworkCore.Database.Command[20101]
      Executed DbCommand (8ms) [Parameters=[], CommandType='Text', CommandTimeout='30']
      SELECT c."Id", c."CreatedAt", c."Description", c."Name"
      FROM "Categories" AS c
info: Microsoft.EntityFrameworkCore.Database.Command[20101]
      Executed DbCommand (13ms) [Parameters=[@__q_CategoryId_Value_0='?' (DbType = Guid)], CommandType='Text', CommandTimeout='30']
      SELECT count(*)::int
      FROM "Products" AS p
      WHERE p."IsActive" AND p."CategoryId" = @__q_CategoryId_Value_0
info: Microsoft.EntityFrameworkCore.Database.Command[20101]
      Executed DbCommand (2ms) [Parameters=[@__q_CategoryId_Value_0='?' (DbType = Guid), @__p_2='?' (DbType = Int32), @__p_1='?' (DbType = Int32)], CommandType='Text', CommandTimeout='30']
      SELECT t."Id", t."CategoryId", t."CreatedAt", t."Description", t."ImageUrl", t."IsActive", t."Name", t."Price", t."StockQuantity", t."UpdatedAt", c."Id", c."CreatedAt", c."Description", c."Name"
      FROM (
          SELECT p."Id", p."CategoryId", p."CreatedAt", p."Description", p."ImageUrl", p."IsActive", p."Name", p."Price", p."StockQuantity", p."UpdatedAt"
          FROM "Products" AS p
          WHERE p."IsActive" AND p."CategoryId" = @__q_CategoryId_Value_0
          ORDER BY p."Name"
          LIMIT @__p_2 OFFSET @__p_1
      ) AS t
      INNER JOIN "Categories" AS c ON t."CategoryId" = c."Id"
      ORDER BY t."Name"
info: Microsoft.EntityFrameworkCore.Database.Command[20101]
      Executed DbCommand (2ms) [Parameters=[@__q_CategoryId_Value_0='?' (DbType = Guid)], CommandType='Text', CommandTimeout='30']
      SELECT count(*)::int
      FROM "Products" AS p
      WHERE p."IsActive" AND p."CategoryId" = @__q_CategoryId_Value_0
info: Microsoft.EntityFrameworkCore.Database.Command[20101]
      Executed DbCommand (2ms) [Parameters=[@__q_CategoryId_Value_0='?' (DbType = Guid), @__p_2='?' (DbType = Int32), @__p_1='?' (DbType = Int32)], CommandType='Text', CommandTimeout='30']
      SELECT t."Id", t."CategoryId", t."CreatedAt", t."Description", t."ImageUrl", t."IsActive", t."Name", t."Price", t."StockQuantity", t."UpdatedAt", c."Id", c."CreatedAt", c."Description", c."Name"
      FROM (
          SELECT p."Id", p."CategoryId", p."CreatedAt", p."Description", p."ImageUrl", p."IsActive", p."Name", p."Price", p."StockQuantity", p."UpdatedAt"
          FROM "Products" AS p
          WHERE p."IsActive" AND p."CategoryId" = @__q_CategoryId_Value_0
          ORDER BY p."Name"
          LIMIT @__p_2 OFFSET @__p_1
      ) AS t
      INNER JOIN "Categories" AS c ON t."CategoryId" = c."Id"
      ORDER BY t."Name"
info: Microsoft.EntityFrameworkCore.Database.Command[20101]
      Executed DbCommand (2ms) [Parameters=[@__q_CategoryId_Value_0='?' (DbType = Guid)], CommandType='Text', CommandTimeout='30']
      SELECT count(*)::int
      FROM "Products" AS p
      WHERE p."IsActive" AND p."CategoryId" = @__q_CategoryId_Value_0
info: Microsoft.EntityFrameworkCore.Database.Command[20101]
      Executed DbCommand (2ms) [Parameters=[@__q_CategoryId_Value_0='?' (DbType = Guid), @__p_2='?' (DbType = Int32), @__p_1='?' (DbType = Int32)], CommandType='Text', CommandTimeout='30']
      SELECT t."Id", t."CategoryId", t."CreatedAt", t."Description", t."ImageUrl", t."IsActive", t."Name", t."Price", t."StockQuantity", t."UpdatedAt", c."Id", c."CreatedAt", c."Description", c."Name"
      FROM (
          SELECT p."Id", p."CategoryId", p."CreatedAt", p."Description", p."ImageUrl", p."IsActive", p."Name", p."Price", p."StockQuantity", p."UpdatedAt"
          FROM "Products" AS p
          WHERE p."IsActive" AND p."CategoryId" = @__q_CategoryId_Value_0
          ORDER BY p."Name"
          LIMIT @__p_2 OFFSET @__p_1
      ) AS t
      INNER JOIN "Categories" AS c ON t."CategoryId" = c."Id"
      ORDER BY t."Name"
info: Microsoft.EntityFrameworkCore.Database.Command[20101]
      Executed DbCommand (2ms) [Parameters=[@__q_CategoryId_Value_0='?' (DbType = Guid)], CommandType='Text', CommandTimeout='30']
      SELECT count(*)::int
      FROM "Products" AS p
      WHERE p."IsActive" AND p."CategoryId" = @__q_CategoryId_Value_0
info: Microsoft.EntityFrameworkCore.Database.Command[20101]
      Executed DbCommand (1ms) [Parameters=[@__q_CategoryId_Value_0='?' (DbType = Guid), @__p_2='?' (DbType = Int32), @__p_1='?' (DbType = Int32)], CommandType='Text', CommandTimeout='30']
      SELECT t."Id", t."CategoryId", t."CreatedAt", t."Description", t."ImageUrl", t."IsActive", t."Name", t."Price", t."StockQuantity", t."UpdatedAt", c."Id", c."CreatedAt", c."Description", c."Name"
      FROM (
          SELECT p."Id", p."CategoryId", p."CreatedAt", p."Description", p."ImageUrl", p."IsActive", p."Name", p."Price", p."StockQuantity", p."UpdatedAt"
          FROM "Products" AS p
          WHERE p."IsActive" AND p."CategoryId" = @__q_CategoryId_Value_0
          ORDER BY p."Name"
          LIMIT @__p_2 OFFSET @__p_1
      ) AS t
      INNER JOIN "Categories" AS c ON t."CategoryId" = c."Id"
      ORDER BY t."Name"
info: Microsoft.EntityFrameworkCore.Database.Command[20101]
      Executed DbCommand (5ms) [Parameters=[], CommandType='Text', CommandTimeout='30']
      SELECT c."Id", c."CreatedAt", c."Description", c."Name"
      FROM "Categories" AS c
info: Microsoft.EntityFrameworkCore.Database.Command[20101]
      Executed DbCommand (1ms) [Parameters=[], CommandType='Text', CommandTimeout='30']
      SELECT c."Id", c."CreatedAt", c."Description", c."Name"
      FROM "Categories" AS c
info: Microsoft.EntityFrameworkCore.Database.Command[20101]
      Executed DbCommand (1ms) [Parameters=[], CommandType='Text', CommandTimeout='30']
      SELECT c."Id", c."CreatedAt", c."Description", c."Name"
      FROM "Categories" AS c
info: Microsoft.EntityFrameworkCore.Database.Command[20101]
      Executed DbCommand (1ms) [Parameters=[], CommandType='Text', CommandTimeout='30']
      SELECT c."Id", c."CreatedAt", c."Description", c."Name"
      FROM "Categories" AS c
info: Microsoft.EntityFrameworkCore.Database.Command[20101]
      Executed DbCommand (12ms) [Parameters=[@p0='?' (DbType = Guid), @p1='?' (DbType = Guid), @p2='?' (DbType = DateTime), @p3='?', @p4='?', @p5='?' (DbType = Boolean), @p6='?', @p7='?' (DbType = Decimal), @p8='?' (DbType = Int32), @p9='?' (DbType = DateTime)], CommandType='Text', CommandTimeout='30']
      INSERT INTO "Products" ("Id", "CategoryId", "CreatedAt", "Description", "ImageUrl", "IsActive", "Name", "Price", "StockQuantity", "UpdatedAt")
      VALUES (@p0, @p1, @p2, @p3, @p4, @p5, @p6, @p7, @p8, @p9);
info: Microsoft.EntityFrameworkCore.Database.Command[20101]
      Executed DbCommand (2ms) [Parameters=[@__product_Id_0='?' (DbType = Guid)], CommandType='Text', CommandTimeout='30']
      SELECT p."Id", p."CategoryId", p."CreatedAt", p."Description", p."ImageUrl", p."IsActive", p."Name", p."Price", p."StockQuantity", p."UpdatedAt", c."Id", c."CreatedAt", c."Description", c."Name"
      FROM "Products" AS p
      INNER JOIN "Categories" AS c ON p."CategoryId" = c."Id"
      WHERE p."Id" = @__product_Id_0
      LIMIT 1
info: Microsoft.EntityFrameworkCore.Database.Command[20101]
      Executed DbCommand (2ms) [Parameters=[], CommandType='Text', CommandTimeout='30']
      SELECT c."Id", c."CreatedAt", c."Description", c."Name"
      FROM "Categories" AS c
info: Microsoft.EntityFrameworkCore.Database.Command[20101]
      Executed DbCommand (1ms) [Parameters=[], CommandType='Text', CommandTimeout='30']
      SELECT c."Id", c."CreatedAt", c."Description", c."Name"
      FROM "Categories" AS c
info: Microsoft.EntityFrameworkCore.Database.Command[20101]
      Executed DbCommand (1ms) [Parameters=[], CommandType='Text', CommandTimeout='30']
      SELECT count(*)::int
      FROM "Products" AS p
      WHERE p."IsActive"
info: Microsoft.EntityFrameworkCore.Database.Command[20101]
      Executed DbCommand (1ms) [Parameters=[@__p_1='?' (DbType = Int32), @__p_0='?' (DbType = Int32)], CommandType='Text', CommandTimeout='30']
      SELECT t."Id", t."CategoryId", t."CreatedAt", t."Description", t."ImageUrl", t."IsActive", t."Name", t."Price", t."StockQuantity", t."UpdatedAt", c."Id", c."CreatedAt", c."Description", c."Name"
      FROM (
          SELECT p."Id", p."CategoryId", p."CreatedAt", p."Description", p."ImageUrl", p."IsActive", p."Name", p."Price", p."StockQuantity", p."UpdatedAt"
          FROM "Products" AS p
          WHERE p."IsActive"
          ORDER BY p."Name"
          LIMIT @__p_1 OFFSET @__p_0
      ) AS t
      INNER JOIN "Categories" AS c ON t."CategoryId" = c."Id"
      ORDER BY t."Name"
info: Microsoft.EntityFrameworkCore.Database.Command[20101]
      Executed DbCommand (10ms) [Parameters=[@__q_CategoryId_Value_0='?' (DbType = Guid)], CommandType='Text', CommandTimeout='30']
      SELECT count(*)::int
      FROM "Products" AS p
      WHERE p."IsActive" AND p."CategoryId" = @__q_CategoryId_Value_0
info: Microsoft.EntityFrameworkCore.Database.Command[20101]
      Executed DbCommand (2ms) [Parameters=[@__q_CategoryId_Value_0='?' (DbType = Guid), @__p_2='?' (DbType = Int32), @__p_1='?' (DbType = Int32)], CommandType='Text', CommandTimeout='30']
      SELECT t."Id", t."CategoryId", t."CreatedAt", t."Description", t."ImageUrl", t."IsActive", t."Name", t."Price", t."StockQuantity", t."UpdatedAt", c."Id", c."CreatedAt", c."Description", c."Name"
      FROM (
          SELECT p."Id", p."CategoryId", p."CreatedAt", p."Description", p."ImageUrl", p."IsActive", p."Name", p."Price", p."StockQuantity", p."UpdatedAt"
          FROM "Products" AS p
          WHERE p."IsActive" AND p."CategoryId" = @__q_CategoryId_Value_0
          ORDER BY p."Name"
          LIMIT @__p_2 OFFSET @__p_1
      ) AS t
      INNER JOIN "Categories" AS c ON t."CategoryId" = c."Id"
      ORDER BY t."Name"
info: Microsoft.EntityFrameworkCore.Database.Command[20101]
      Executed DbCommand (2ms) [Parameters=[@__q_CategoryId_Value_0='?' (DbType = Guid)], CommandType='Text', CommandTimeout='30']
      SELECT count(*)::int
      FROM "Products" AS p
      WHERE p."IsActive" AND p."CategoryId" = @__q_CategoryId_Value_0
info: Microsoft.EntityFrameworkCore.Database.Command[20101]
      Executed DbCommand (3ms) [Parameters=[@__q_CategoryId_Value_0='?' (DbType = Guid), @__p_2='?' (DbType = Int32), @__p_1='?' (DbType = Int32)], CommandType='Text', CommandTimeout='30']
      SELECT t."Id", t."CategoryId", t."CreatedAt", t."Description", t."ImageUrl", t."IsActive", t."Name", t."Price", t."StockQuantity", t."UpdatedAt", c."Id", c."CreatedAt", c."Description", c."Name"
      FROM (
          SELECT p."Id", p."CategoryId", p."CreatedAt", p."Description", p."ImageUrl", p."IsActive", p."Name", p."Price", p."StockQuantity", p."UpdatedAt"
          FROM "Products" AS p
          WHERE p."IsActive" AND p."CategoryId" = @__q_CategoryId_Value_0
          ORDER BY p."Name"
          LIMIT @__p_2 OFFSET @__p_1
      ) AS t
      INNER JOIN "Categories" AS c ON t."CategoryId" = c."Id"
      ORDER BY t."Name"
info: Microsoft.EntityFrameworkCore.Database.Command[20101]
      Executed DbCommand (1ms) [Parameters=[@__q_CategoryId_Value_0='?' (DbType = Guid)], CommandType='Text', CommandTimeout='30']
      SELECT count(*)::int
      FROM "Products" AS p
      WHERE p."IsActive" AND p."CategoryId" = @__q_CategoryId_Value_0
info: Microsoft.EntityFrameworkCore.Database.Command[20101]
      Executed DbCommand (1ms) [Parameters=[@__q_CategoryId_Value_0='?' (DbType = Guid), @__p_2='?' (DbType = Int32), @__p_1='?' (DbType = Int32)], CommandType='Text', CommandTimeout='30']
      SELECT t."Id", t."CategoryId", t."CreatedAt", t."Description", t."ImageUrl", t."IsActive", t."Name", t."Price", t."StockQuantity", t."UpdatedAt", c."Id", c."CreatedAt", c."Description", c."Name"
      FROM (
          SELECT p."Id", p."CategoryId", p."CreatedAt", p."Description", p."ImageUrl", p."IsActive", p."Name", p."Price", p."StockQuantity", p."UpdatedAt"
          FROM "Products" AS p
          WHERE p."IsActive" AND p."CategoryId" = @__q_CategoryId_Value_0
          ORDER BY p."Name"
          LIMIT @__p_2 OFFSET @__p_1
      ) AS t
      INNER JOIN "Categories" AS c ON t."CategoryId" = c."Id"
      ORDER BY t."Name"
info: Microsoft.EntityFrameworkCore.Database.Command[20101]
      Executed DbCommand (2ms) [Parameters=[@__q_CategoryId_Value_0='?' (DbType = Guid)], CommandType='Text', CommandTimeout='30']
      SELECT count(*)::int
      FROM "Products" AS p
      WHERE p."IsActive" AND p."CategoryId" = @__q_CategoryId_Value_0
info: Microsoft.EntityFrameworkCore.Database.Command[20101]
      Executed DbCommand (1ms) [Parameters=[@__q_CategoryId_Value_0='?' (DbType = Guid), @__p_2='?' (DbType = Int32), @__p_1='?' (DbType = Int32)], CommandType='Text', CommandTimeout='30']
      SELECT t."Id", t."CategoryId", t."CreatedAt", t."Description", t."ImageUrl", t."IsActive", t."Name", t."Price", t."StockQuantity", t."UpdatedAt", c."Id", c."CreatedAt", c."Description", c."Name"
      FROM (
          SELECT p."Id", p."CategoryId", p."CreatedAt", p."Description", p."ImageUrl", p."IsActive", p."Name", p."Price", p."StockQuantity", p."UpdatedAt"
          FROM "Products" AS p
          WHERE p."IsActive" AND p."CategoryId" = @__q_CategoryId_Value_0
          ORDER BY p."Name"
          LIMIT @__p_2 OFFSET @__p_1
      ) AS t
      INNER JOIN "Categories" AS c ON t."CategoryId" = c."Id"
      ORDER BY t."Name"
info: Microsoft.EntityFrameworkCore.Database.Command[20101]
      Executed DbCommand (7ms) [Parameters=[@__q_CategoryId_Value_0='?' (DbType = Guid)], CommandType='Text', CommandTimeout='30']
      SELECT count(*)::int
      FROM "Products" AS p
      WHERE p."IsActive" AND p."CategoryId" = @__q_CategoryId_Value_0
info: Microsoft.EntityFrameworkCore.Database.Command[20101]
      Executed DbCommand (3ms) [Parameters=[@__q_CategoryId_Value_0='?' (DbType = Guid), @__p_2='?' (DbType = Int32), @__p_1='?' (DbType = Int32)], CommandType='Text', CommandTimeout='30']
      SELECT t."Id", t."CategoryId", t."CreatedAt", t."Description", t."ImageUrl", t."IsActive", t."Name", t."Price", t."StockQuantity", t."UpdatedAt", c."Id", c."CreatedAt", c."Description", c."Name"
      FROM (
          SELECT p."Id", p."CategoryId", p."CreatedAt", p."Description", p."ImageUrl", p."IsActive", p."Name", p."Price", p."StockQuantity", p."UpdatedAt"
          FROM "Products" AS p
          WHERE p."IsActive" AND p."CategoryId" = @__q_CategoryId_Value_0
          ORDER BY p."Name"
          LIMIT @__p_2 OFFSET @__p_1
      ) AS t
      INNER JOIN "Categories" AS c ON t."CategoryId" = c."Id"
      ORDER BY t."Name"
info: Microsoft.EntityFrameworkCore.Database.Command[20101]
      Executed DbCommand (3ms) [Parameters=[@__q_CategoryId_Value_0='?' (DbType = Guid)], CommandType='Text', CommandTimeout='30']
      SELECT count(*)::int
      FROM "Products" AS p
      WHERE p."IsActive" AND p."CategoryId" = @__q_CategoryId_Value_0
info: Microsoft.EntityFrameworkCore.Database.Command[20101]
      Executed DbCommand (2ms) [Parameters=[@__q_CategoryId_Value_0='?' (DbType = Guid), @__p_2='?' (DbType = Int32), @__p_1='?' (DbType = Int32)], CommandType='Text', CommandTimeout='30']
      SELECT t."Id", t."CategoryId", t."CreatedAt", t."Description", t."ImageUrl", t."IsActive", t."Name", t."Price", t."StockQuantity", t."UpdatedAt", c."Id", c."CreatedAt", c."Description", c."Name"
      FROM (
          SELECT p."Id", p."CategoryId", p."CreatedAt", p."Description", p."ImageUrl", p."IsActive", p."Name", p."Price", p."StockQuantity", p."UpdatedAt"
          FROM "Products" AS p
          WHERE p."IsActive" AND p."CategoryId" = @__q_CategoryId_Value_0
          ORDER BY p."Name"
          LIMIT @__p_2 OFFSET @__p_1
      ) AS t
      INNER JOIN "Categories" AS c ON t."CategoryId" = c."Id"
      ORDER BY t."Name"
info: Microsoft.EntityFrameworkCore.Database.Command[20101]
      Executed DbCommand (4ms) [Parameters=[@__q_CategoryId_Value_0='?' (DbType = Guid)], CommandType='Text', CommandTimeout='30']
      SELECT count(*)::int
      FROM "Products" AS p
      WHERE p."IsActive" AND p."CategoryId" = @__q_CategoryId_Value_0
info: Microsoft.EntityFrameworkCore.Database.Command[20101]
      Executed DbCommand (2ms) [Parameters=[@__q_CategoryId_Value_0='?' (DbType = Guid), @__p_2='?' (DbType = Int32), @__p_1='?' (DbType = Int32)], CommandType='Text', CommandTimeout='30']
      SELECT t."Id", t."CategoryId", t."CreatedAt", t."Description", t."ImageUrl", t."IsActive", t."Name", t."Price", t."StockQuantity", t."UpdatedAt", c."Id", c."CreatedAt", c."Description", c."Name"
      FROM (
          SELECT p."Id", p."CategoryId", p."CreatedAt", p."Description", p."ImageUrl", p."IsActive", p."Name", p."Price", p."StockQuantity", p."UpdatedAt"
          FROM "Products" AS p
          WHERE p."IsActive" AND p."CategoryId" = @__q_CategoryId_Value_0
          ORDER BY p."Name"
          LIMIT @__p_2 OFFSET @__p_1
      ) AS t
      INNER JOIN "Categories" AS c ON t."CategoryId" = c."Id"
      ORDER BY t."Name"
info: Microsoft.EntityFrameworkCore.Database.Command[20101]
      Executed DbCommand (2ms) [Parameters=[@__q_CategoryId_Value_0='?' (DbType = Guid)], CommandType='Text', CommandTimeout='30']
      SELECT count(*)::int
      FROM "Products" AS p
      WHERE p."IsActive" AND p."CategoryId" = @__q_CategoryId_Value_0
info: Microsoft.EntityFrameworkCore.Database.Command[20101]
      Executed DbCommand (1ms) [Parameters=[@__q_CategoryId_Value_0='?' (DbType = Guid), @__p_2='?' (DbType = Int32), @__p_1='?' (DbType = Int32)], CommandType='Text', CommandTimeout='30']
      SELECT t."Id", t."CategoryId", t."CreatedAt", t."Description", t."ImageUrl", t."IsActive", t."Name", t."Price", t."StockQuantity", t."UpdatedAt", c."Id", c."CreatedAt", c."Description", c."Name"
      FROM (
          SELECT p."Id", p."CategoryId", p."CreatedAt", p."Description", p."ImageUrl", p."IsActive", p."Name", p."Price", p."StockQuantity", p."UpdatedAt"
          FROM "Products" AS p
          WHERE p."IsActive" AND p."CategoryId" = @__q_CategoryId_Value_0
          ORDER BY p."Name"
          LIMIT @__p_2 OFFSET @__p_1
      ) AS t
      INNER JOIN "Categories" AS c ON t."CategoryId" = c."Id"
      ORDER BY t."Name"
info: Microsoft.EntityFrameworkCore.Database.Command[20101]
      Executed DbCommand (2ms) [Parameters=[@__q_CategoryId_Value_0='?' (DbType = Guid)], CommandType='Text', CommandTimeout='30']
      SELECT count(*)::int
      FROM "Products" AS p
      WHERE p."IsActive" AND p."CategoryId" = @__q_CategoryId_Value_0
info: Microsoft.EntityFrameworkCore.Database.Command[20101]
      Executed DbCommand (1ms) [Parameters=[@__q_CategoryId_Value_0='?' (DbType = Guid), @__p_2='?' (DbType = Int32), @__p_1='?' (DbType = Int32)], CommandType='Text', CommandTimeout='30']
      SELECT t."Id", t."CategoryId", t."CreatedAt", t."Description", t."ImageUrl", t."IsActive", t."Name", t."Price", t."StockQuantity", t."UpdatedAt", c."Id", c."CreatedAt", c."Description", c."Name"
      FROM (
          SELECT p."Id", p."CategoryId", p."CreatedAt", p."Description", p."ImageUrl", p."IsActive", p."Name", p."Price", p."StockQuantity", p."UpdatedAt"
          FROM "Products" AS p
          WHERE p."IsActive" AND p."CategoryId" = @__q_CategoryId_Value_0
          ORDER BY p."Name"
          LIMIT @__p_2 OFFSET @__p_1
      ) AS t
      INNER JOIN "Categories" AS c ON t."CategoryId" = c."Id"
      ORDER BY t."Name"
info: Microsoft.EntityFrameworkCore.Database.Command[20101]
      Executed DbCommand (5ms) [Parameters=[], CommandType='Text', CommandTimeout='30']
      SELECT c."Id", c."CreatedAt", c."Description", c."Name"
      FROM "Categories" AS c
info: Microsoft.EntityFrameworkCore.Database.Command[20101]
      Executed DbCommand (2ms) [Parameters=[], CommandType='Text', CommandTimeout='30']
      SELECT c."Id", c."CreatedAt", c."Description", c."Name"
      FROM "Categories" AS c
info: Microsoft.EntityFrameworkCore.Database.Command[20101]
      Executed DbCommand (2ms) [Parameters=[], CommandType='Text', CommandTimeout='30']
      SELECT c."Id", c."CreatedAt", c."Description", c."Name"
      FROM "Categories" AS c
info: Microsoft.EntityFrameworkCore.Database.Command[20101]
      Executed DbCommand (1ms) [Parameters=[], CommandType='Text', CommandTimeout='30']
      SELECT c."Id", c."CreatedAt", c."Description", c."Name"
      FROM "Categories" AS c
info: Microsoft.EntityFrameworkCore.Database.Command[20101]
      Executed DbCommand (2ms) [Parameters=[], CommandType='Text', CommandTimeout='30']
      SELECT c."Id", c."CreatedAt", c."Description", c."Name"
      FROM "Categories" AS c
info: Microsoft.EntityFrameworkCore.Database.Command[20101]
      Executed DbCommand (1ms) [Parameters=[], CommandType='Text', CommandTimeout='30']
      SELECT c."Id", c."CreatedAt", c."Description", c."Name"
      FROM "Categories" AS c
info: Microsoft.EntityFrameworkCore.Database.Command[20101]
      Executed DbCommand (4ms) [Parameters=[], CommandType='Text', CommandTimeout='30']
      SELECT count(*)::int
      FROM "Products" AS p
      WHERE p."IsActive"
info: Microsoft.EntityFrameworkCore.Database.Command[20101]
      Executed DbCommand (1ms) [Parameters=[@__p_1='?' (DbType = Int32), @__p_0='?' (DbType = Int32)], CommandType='Text', CommandTimeout='30']
      SELECT t."Id", t."CategoryId", t."CreatedAt", t."Description", t."ImageUrl", t."IsActive", t."Name", t."Price", t."StockQuantity", t."UpdatedAt", c."Id", c."CreatedAt", c."Description", c."Name"
      FROM (
          SELECT p."Id", p."CategoryId", p."CreatedAt", p."Description", p."ImageUrl", p."IsActive", p."Name", p."Price", p."StockQuantity", p."UpdatedAt"
          FROM "Products" AS p
          WHERE p."IsActive"
          ORDER BY p."Name"
          LIMIT @__p_1 OFFSET @__p_0
      ) AS t
      INNER JOIN "Categories" AS c ON t."CategoryId" = c."Id"
      ORDER BY t."Name"
info: Microsoft.EntityFrameworkCore.Database.Command[20101]
      Executed DbCommand (5ms) [Parameters=[@__get_Item_0='?' (DbType = Guid)], CommandType='Text', CommandTimeout='30']
      SELECT p."Id", p."CategoryId", p."CreatedAt", p."Description", p."ImageUrl", p."IsActive", p."Name", p."Price", p."StockQuantity", p."UpdatedAt"
      FROM "Products" AS p
      WHERE p."Id" = @__get_Item_0
      LIMIT 1
info: Microsoft.EntityFrameworkCore.Database.Command[20101]
      Executed DbCommand (4ms) [Parameters=[@p9='?' (DbType = Guid), @p0='?' (DbType = Guid), @p1='?' (DbType = DateTime), @p2='?', @p3='?', @p4='?' (DbType = Boolean), @p5='?', @p6='?' (DbType = Decimal), @p7='?' (DbType = Int32), @p8='?' (DbType = DateTime)], CommandType='Text', CommandTimeout='30']
      UPDATE "Products" SET "CategoryId" = @p0, "CreatedAt" = @p1, "Description" = @p2, "ImageUrl" = @p3, "IsActive" = @p4, "Name" = @p5, "Price" = @p6, "StockQuantity" = @p7, "UpdatedAt" = @p8
      WHERE "Id" = @p9;
info: Microsoft.EntityFrameworkCore.Database.Command[20101]
      Executed DbCommand (8ms) [Parameters=[], CommandType='Text', CommandTimeout='30']
      SELECT c."Id", c."CreatedAt", c."Description", c."Name"
      FROM "Categories" AS c
info: Microsoft.EntityFrameworkCore.Database.Command[20101]
      Executed DbCommand (6ms) [Parameters=[], CommandType='Text', CommandTimeout='30']
      SELECT count(*)::int
      FROM "Products" AS p
      WHERE p."IsActive"
info: Microsoft.EntityFrameworkCore.Database.Command[20101]
      Executed DbCommand (2ms) [Parameters=[], CommandType='Text', CommandTimeout='30']
      SELECT c."Id", c."CreatedAt", c."Description", c."Name"
      FROM "Categories" AS c
info: Microsoft.EntityFrameworkCore.Database.Command[20101]
      Executed DbCommand (3ms) [Parameters=[@__p_1='?' (DbType = Int32), @__p_0='?' (DbType = Int32)], CommandType='Text', CommandTimeout='30']
      SELECT t."Id", t."CategoryId", t."CreatedAt", t."Description", t."ImageUrl", t."IsActive", t."Name", t."Price", t."StockQuantity", t."UpdatedAt", c."Id", c."CreatedAt", c."Description", c."Name"
      FROM (
          SELECT p."Id", p."CategoryId", p."CreatedAt", p."Description", p."ImageUrl", p."IsActive", p."Name", p."Price", p."StockQuantity", p."UpdatedAt"
          FROM "Products" AS p
          WHERE p."IsActive"
          ORDER BY p."Name"
          LIMIT @__p_1 OFFSET @__p_0
      ) AS t
      INNER JOIN "Categories" AS c ON t."CategoryId" = c."Id"
      ORDER BY t."Name"
info: Microsoft.EntityFrameworkCore.Database.Command[20101]
      Executed DbCommand (14ms) [Parameters=[@__q_CategoryId_Value_0='?' (DbType = Guid)], CommandType='Text', CommandTimeout='30']
      SELECT count(*)::int
      FROM "Products" AS p
      WHERE p."IsActive" AND p."CategoryId" = @__q_CategoryId_Value_0
info: Microsoft.EntityFrameworkCore.Database.Command[20101]
      Executed DbCommand (5ms) [Parameters=[@__q_CategoryId_Value_0='?' (DbType = Guid), @__p_2='?' (DbType = Int32), @__p_1='?' (DbType = Int32)], CommandType='Text', CommandTimeout='30']
      SELECT t."Id", t."CategoryId", t."CreatedAt", t."Description", t."ImageUrl", t."IsActive", t."Name", t."Price", t."StockQuantity", t."UpdatedAt", c."Id", c."CreatedAt", c."Description", c."Name"
      FROM (
          SELECT p."Id", p."CategoryId", p."CreatedAt", p."Description", p."ImageUrl", p."IsActive", p."Name", p."Price", p."StockQuantity", p."UpdatedAt"
          FROM "Products" AS p
          WHERE p."IsActive" AND p."CategoryId" = @__q_CategoryId_Value_0
          ORDER BY p."Name"
          LIMIT @__p_2 OFFSET @__p_1
      ) AS t
      INNER JOIN "Categories" AS c ON t."CategoryId" = c."Id"
      ORDER BY t."Name"
info: Microsoft.EntityFrameworkCore.Database.Command[20101]
      Executed DbCommand (2ms) [Parameters=[@__q_CategoryId_Value_0='?' (DbType = Guid)], CommandType='Text', CommandTimeout='30']
      SELECT count(*)::int
      FROM "Products" AS p
      WHERE p."IsActive" AND p."CategoryId" = @__q_CategoryId_Value_0
info: Microsoft.EntityFrameworkCore.Database.Command[20101]
      Executed DbCommand (2ms) [Parameters=[@__q_CategoryId_Value_0='?' (DbType = Guid), @__p_2='?' (DbType = Int32), @__p_1='?' (DbType = Int32)], CommandType='Text', CommandTimeout='30']
      SELECT t."Id", t."CategoryId", t."CreatedAt", t."Description", t."ImageUrl", t."IsActive", t."Name", t."Price", t."StockQuantity", t."UpdatedAt", c."Id", c."CreatedAt", c."Description", c."Name"
      FROM (
          SELECT p."Id", p."CategoryId", p."CreatedAt", p."Description", p."ImageUrl", p."IsActive", p."Name", p."Price", p."StockQuantity", p."UpdatedAt"
          FROM "Products" AS p
          WHERE p."IsActive" AND p."CategoryId" = @__q_CategoryId_Value_0
          ORDER BY p."Name"
          LIMIT @__p_2 OFFSET @__p_1
      ) AS t
      INNER JOIN "Categories" AS c ON t."CategoryId" = c."Id"
      ORDER BY t."Name"
info: Microsoft.EntityFrameworkCore.Database.Command[20101]
      Executed DbCommand (8ms) [Parameters=[], CommandType='Text', CommandTimeout='30']
      SELECT c."Id", c."CreatedAt", c."Description", c."Name"
      FROM "Categories" AS c
info: Microsoft.EntityFrameworkCore.Database.Command[20101]
      Executed DbCommand (3ms) [Parameters=[], CommandType='Text', CommandTimeout='30']
      SELECT c."Id", c."CreatedAt", c."Description", c."Name"
      FROM "Categories" AS c
info: Microsoft.EntityFrameworkCore.Database.Command[20101]
      Executed DbCommand (1ms) [Parameters=[], CommandType='Text', CommandTimeout='30']
      SELECT c."Id", c."CreatedAt", c."Description", c."Name"
      FROM "Categories" AS c
info: Microsoft.EntityFrameworkCore.Database.Command[20101]
      Executed DbCommand (2ms) [Parameters=[], CommandType='Text', CommandTimeout='30']
      SELECT c."Id", c."CreatedAt", c."Description", c."Name"
      FROM "Categories" AS c
info: Microsoft.EntityFrameworkCore.Database.Command[20101]
      Executed DbCommand (13ms) [Parameters=[@p0='?' (DbType = Guid), @p1='?' (DbType = Guid), @p2='?' (DbType = DateTime), @p3='?', @p4='?', @p5='?' (DbType = Boolean), @p6='?', @p7='?' (DbType = Decimal), @p8='?' (DbType = Int32), @p9='?' (DbType = DateTime)], CommandType='Text', CommandTimeout='30']
      INSERT INTO "Products" ("Id", "CategoryId", "CreatedAt", "Description", "ImageUrl", "IsActive", "Name", "Price", "StockQuantity", "UpdatedAt")
      VALUES (@p0, @p1, @p2, @p3, @p4, @p5, @p6, @p7, @p8, @p9);
info: Microsoft.EntityFrameworkCore.Database.Command[20101]
      Executed DbCommand (3ms) [Parameters=[@__product_Id_0='?' (DbType = Guid)], CommandType='Text', CommandTimeout='30']
      SELECT p."Id", p."CategoryId", p."CreatedAt", p."Description", p."ImageUrl", p."IsActive", p."Name", p."Price", p."StockQuantity", p."UpdatedAt", c."Id", c."CreatedAt", c."Description", c."Name"
      FROM "Products" AS p
      INNER JOIN "Categories" AS c ON p."CategoryId" = c."Id"
      WHERE p."Id" = @__product_Id_0
      LIMIT 1
info: Microsoft.EntityFrameworkCore.Database.Command[20101]
      Executed DbCommand (8ms) [Parameters=[], CommandType='Text', CommandTimeout='30']
      SELECT c."Id", c."CreatedAt", c."Description", c."Name"
      FROM "Categories" AS c
info: Microsoft.EntityFrameworkCore.Database.Command[20101]
      Executed DbCommand (2ms) [Parameters=[], CommandType='Text', CommandTimeout='30']
      SELECT count(*)::int
      FROM "Products" AS p
      WHERE p."IsActive"
info: Microsoft.EntityFrameworkCore.Database.Command[20101]
      Executed DbCommand (1ms) [Parameters=[], CommandType='Text', CommandTimeout='30']
      SELECT c."Id", c."CreatedAt", c."Description", c."Name"
      FROM "Categories" AS c
info: Microsoft.EntityFrameworkCore.Database.Command[20101]
      Executed DbCommand (7ms) [Parameters=[@__p_1='?' (DbType = Int32), @__p_0='?' (DbType = Int32)], CommandType='Text', CommandTimeout='30']
      SELECT t."Id", t."CategoryId", t."CreatedAt", t."Description", t."ImageUrl", t."IsActive", t."Name", t."Price", t."StockQuantity", t."UpdatedAt", c."Id", c."CreatedAt", c."Description", c."Name"
      FROM (
          SELECT p."Id", p."CategoryId", p."CreatedAt", p."Description", p."ImageUrl", p."IsActive", p."Name", p."Price", p."StockQuantity", p."UpdatedAt"
          FROM "Products" AS p
          WHERE p."IsActive"
          ORDER BY p."Name"
          LIMIT @__p_1 OFFSET @__p_0
      ) AS t
      INNER JOIN "Categories" AS c ON t."CategoryId" = c."Id"
      ORDER BY t."Name"
info: Microsoft.EntityFrameworkCore.Database.Command[20101]
      Executed DbCommand (9ms) [Parameters=[@__q_CategoryId_Value_0='?' (DbType = Guid)], CommandType='Text', CommandTimeout='30']
      SELECT count(*)::int
      FROM "Products" AS p
      WHERE p."IsActive" AND p."CategoryId" = @__q_CategoryId_Value_0
info: Microsoft.EntityFrameworkCore.Database.Command[20101]
      Executed DbCommand (5ms) [Parameters=[@__q_CategoryId_Value_0='?' (DbType = Guid), @__p_2='?' (DbType = Int32), @__p_1='?' (DbType = Int32)], CommandType='Text', CommandTimeout='30']
      SELECT t."Id", t."CategoryId", t."CreatedAt", t."Description", t."ImageUrl", t."IsActive", t."Name", t."Price", t."StockQuantity", t."UpdatedAt", c."Id", c."CreatedAt", c."Description", c."Name"
      FROM (
          SELECT p."Id", p."CategoryId", p."CreatedAt", p."Description", p."ImageUrl", p."IsActive", p."Name", p."Price", p."StockQuantity", p."UpdatedAt"
          FROM "Products" AS p
          WHERE p."IsActive" AND p."CategoryId" = @__q_CategoryId_Value_0
          ORDER BY p."Name"
          LIMIT @__p_2 OFFSET @__p_1
      ) AS t
      INNER JOIN "Categories" AS c ON t."CategoryId" = c."Id"
      ORDER BY t."Name"
info: Microsoft.EntityFrameworkCore.Database.Command[20101]
      Executed DbCommand (1ms) [Parameters=[@__q_CategoryId_Value_0='?' (DbType = Guid)], CommandType='Text', CommandTimeout='30']
      SELECT count(*)::int
      FROM "Products" AS p
      WHERE p."IsActive" AND p."CategoryId" = @__q_CategoryId_Value_0
info: Microsoft.EntityFrameworkCore.Database.Command[20101]
      Executed DbCommand (1ms) [Parameters=[@__q_CategoryId_Value_0='?' (DbType = Guid), @__p_2='?' (DbType = Int32), @__p_1='?' (DbType = Int32)], CommandType='Text', CommandTimeout='30']
      SELECT t."Id", t."CategoryId", t."CreatedAt", t."Description", t."ImageUrl", t."IsActive", t."Name", t."Price", t."StockQuantity", t."UpdatedAt", c."Id", c."CreatedAt", c."Description", c."Name"
      FROM (
          SELECT p."Id", p."CategoryId", p."CreatedAt", p."Description", p."ImageUrl", p."IsActive", p."Name", p."Price", p."StockQuantity", p."UpdatedAt"
          FROM "Products" AS p
          WHERE p."IsActive" AND p."CategoryId" = @__q_CategoryId_Value_0
          ORDER BY p."Name"
          LIMIT @__p_2 OFFSET @__p_1
      ) AS t
      INNER JOIN "Categories" AS c ON t."CategoryId" = c."Id"
      ORDER BY t."Name"
info: Microsoft.EntityFrameworkCore.Database.Command[20101]
      Executed DbCommand (2ms) [Parameters=[@__id_0='?' (DbType = Guid)], CommandType='Text', CommandTimeout='30']
      SELECT p."Id", p."CategoryId", p."CreatedAt", p."Description", p."ImageUrl", p."IsActive", p."Name", p."Price", p."StockQuantity", p."UpdatedAt", c."Id", c."CreatedAt", c."Description", c."Name"
      FROM "Products" AS p
      INNER JOIN "Categories" AS c ON p."CategoryId" = c."Id"
      WHERE p."Id" = @__id_0
      LIMIT 1
info: Microsoft.EntityFrameworkCore.Database.Command[20101]
      Executed DbCommand (5ms) [Parameters=[@__id_0='?' (DbType = Guid)], CommandType='Text', CommandTimeout='30']
      SELECT p."Id", p."CategoryId", p."CreatedAt", p."Description", p."ImageUrl", p."IsActive", p."Name", p."Price", p."StockQuantity", p."UpdatedAt", c."Id", c."CreatedAt", c."Description", c."Name"
      FROM "Products" AS p
      INNER JOIN "Categories" AS c ON p."CategoryId" = c."Id"
      WHERE p."Id" = @__id_0
      LIMIT 1
info: Microsoft.EntityFrameworkCore.Database.Command[20101]
      Executed DbCommand (9ms) [Parameters=[], CommandType='Text', CommandTimeout='30']
      SELECT c."Id", c."CreatedAt", c."Description", c."Name"
      FROM "Categories" AS c
info: Microsoft.EntityFrameworkCore.Database.Command[20101]
      Executed DbCommand (1ms) [Parameters=[], CommandType='Text', CommandTimeout='30']
      SELECT c."Id", c."CreatedAt", c."Description", c."Name"
      FROM "Categories" AS c
info: Microsoft.EntityFrameworkCore.Database.Command[20101]
      Executed DbCommand (3ms) [Parameters=[@__q_CategoryId_Value_0='?' (DbType = Guid)], CommandType='Text', CommandTimeout='30']
      SELECT count(*)::int
      FROM "Products" AS p
      WHERE p."IsActive" AND p."CategoryId" = @__q_CategoryId_Value_0
info: Microsoft.EntityFrameworkCore.Database.Command[20101]
      Executed DbCommand (2ms) [Parameters=[@__q_CategoryId_Value_0='?' (DbType = Guid), @__p_2='?' (DbType = Int32), @__p_1='?' (DbType = Int32)], CommandType='Text', CommandTimeout='30']
      SELECT t."Id", t."CategoryId", t."CreatedAt", t."Description", t."ImageUrl", t."IsActive", t."Name", t."Price", t."StockQuantity", t."UpdatedAt", c."Id", c."CreatedAt", c."Description", c."Name"
      FROM (
          SELECT p."Id", p."CategoryId", p."CreatedAt", p."Description", p."ImageUrl", p."IsActive", p."Name", p."Price", p."StockQuantity", p."UpdatedAt"
          FROM "Products" AS p
          WHERE p."IsActive" AND p."CategoryId" = @__q_CategoryId_Value_0
          ORDER BY p."Name"
          LIMIT @__p_2 OFFSET @__p_1
      ) AS t
      INNER JOIN "Categories" AS c ON t."CategoryId" = c."Id"
      ORDER BY t."Name"
info: Microsoft.EntityFrameworkCore.Database.Command[20101]
      Executed DbCommand (2ms) [Parameters=[@__q_CategoryId_Value_0='?' (DbType = Guid)], CommandType='Text', CommandTimeout='30']
      SELECT count(*)::int
      FROM "Products" AS p
      WHERE p."IsActive" AND p."CategoryId" = @__q_CategoryId_Value_0
info: Microsoft.EntityFrameworkCore.Database.Command[20101]
      Executed DbCommand (2ms) [Parameters=[@__q_CategoryId_Value_0='?' (DbType = Guid), @__p_2='?' (DbType = Int32), @__p_1='?' (DbType = Int32)], CommandType='Text', CommandTimeout='30']
      SELECT t."Id", t."CategoryId", t."CreatedAt", t."Description", t."ImageUrl", t."IsActive", t."Name", t."Price", t."StockQuantity", t."UpdatedAt", c."Id", c."CreatedAt", c."Description", c."Name"
      FROM (
          SELECT p."Id", p."CategoryId", p."CreatedAt", p."Description", p."ImageUrl", p."IsActive", p."Name", p."Price", p."StockQuantity", p."UpdatedAt"
          FROM "Products" AS p
          WHERE p."IsActive" AND p."CategoryId" = @__q_CategoryId_Value_0
          ORDER BY p."Name"
          LIMIT @__p_2 OFFSET @__p_1
      ) AS t
      INNER JOIN "Categories" AS c ON t."CategoryId" = c."Id"
      ORDER BY t."Name"
info: Microsoft.EntityFrameworkCore.Database.Command[20101]
      Executed DbCommand (2ms) [Parameters=[@__q_CategoryId_Value_0='?' (DbType = Guid)], CommandType='Text', CommandTimeout='30']
      SELECT count(*)::int
      FROM "Products" AS p
      WHERE p."IsActive" AND p."CategoryId" = @__q_CategoryId_Value_0
info: Microsoft.EntityFrameworkCore.Database.Command[20101]
      Executed DbCommand (2ms) [Parameters=[@__q_CategoryId_Value_0='?' (DbType = Guid), @__p_2='?' (DbType = Int32), @__p_1='?' (DbType = Int32)], CommandType='Text', CommandTimeout='30']
      SELECT t."Id", t."CategoryId", t."CreatedAt", t."Description", t."ImageUrl", t."IsActive", t."Name", t."Price", t."StockQuantity", t."UpdatedAt", c."Id", c."CreatedAt", c."Description", c."Name"
      FROM (
          SELECT p."Id", p."CategoryId", p."CreatedAt", p."Description", p."ImageUrl", p."IsActive", p."Name", p."Price", p."StockQuantity", p."UpdatedAt"
          FROM "Products" AS p
          WHERE p."IsActive" AND p."CategoryId" = @__q_CategoryId_Value_0
          ORDER BY p."Name"
          LIMIT @__p_2 OFFSET @__p_1
      ) AS t
      INNER JOIN "Categories" AS c ON t."CategoryId" = c."Id"
      ORDER BY t."Name"
info: Microsoft.EntityFrameworkCore.Database.Command[20101]
      Executed DbCommand (2ms) [Parameters=[@__q_CategoryId_Value_0='?' (DbType = Guid)], CommandType='Text', CommandTimeout='30']
      SELECT count(*)::int
      FROM "Products" AS p
      WHERE p."IsActive" AND p."CategoryId" = @__q_CategoryId_Value_0
info: Microsoft.EntityFrameworkCore.Database.Command[20101]
      Executed DbCommand (4ms) [Parameters=[@__q_CategoryId_Value_0='?' (DbType = Guid), @__p_2='?' (DbType = Int32), @__p_1='?' (DbType = Int32)], CommandType='Text', CommandTimeout='30']
      SELECT t."Id", t."CategoryId", t."CreatedAt", t."Description", t."ImageUrl", t."IsActive", t."Name", t."Price", t."StockQuantity", t."UpdatedAt", c."Id", c."CreatedAt", c."Description", c."Name"
      FROM (
          SELECT p."Id", p."CategoryId", p."CreatedAt", p."Description", p."ImageUrl", p."IsActive", p."Name", p."Price", p."StockQuantity", p."UpdatedAt"
          FROM "Products" AS p
          WHERE p."IsActive" AND p."CategoryId" = @__q_CategoryId_Value_0
          ORDER BY p."Name"
          LIMIT @__p_2 OFFSET @__p_1
      ) AS t
      INNER JOIN "Categories" AS c ON t."CategoryId" = c."Id"
      ORDER BY t."Name"
info: Microsoft.EntityFrameworkCore.Database.Command[20101]
      Executed DbCommand (2ms) [Parameters=[@__q_CategoryId_Value_0='?' (DbType = Guid)], CommandType='Text', CommandTimeout='30']
      SELECT count(*)::int
      FROM "Products" AS p
      WHERE p."IsActive" AND p."CategoryId" = @__q_CategoryId_Value_0
info: Microsoft.EntityFrameworkCore.Database.Command[20101]
      Executed DbCommand (1ms) [Parameters=[@__q_CategoryId_Value_0='?' (DbType = Guid), @__p_2='?' (DbType = Int32), @__p_1='?' (DbType = Int32)], CommandType='Text', CommandTimeout='30']
      SELECT t."Id", t."CategoryId", t."CreatedAt", t."Description", t."ImageUrl", t."IsActive", t."Name", t."Price", t."StockQuantity", t."UpdatedAt", c."Id", c."CreatedAt", c."Description", c."Name"
      FROM (
          SELECT p."Id", p."CategoryId", p."CreatedAt", p."Description", p."ImageUrl", p."IsActive", p."Name", p."Price", p."StockQuantity", p."UpdatedAt"
          FROM "Products" AS p
          WHERE p."IsActive" AND p."CategoryId" = @__q_CategoryId_Value_0
          ORDER BY p."Name"
          LIMIT @__p_2 OFFSET @__p_1
      ) AS t
      INNER JOIN "Categories" AS c ON t."CategoryId" = c."Id"
      ORDER BY t."Name"
info: Microsoft.EntityFrameworkCore.Database.Command[20101]
      Executed DbCommand (6ms) [Parameters=[], CommandType='Text', CommandTimeout='30']
      SELECT c."Id", c."CreatedAt", c."Description", c."Name"
      FROM "Categories" AS c
info: Microsoft.EntityFrameworkCore.Database.Command[20101]
      Executed DbCommand (3ms) [Parameters=[], CommandType='Text', CommandTimeout='30']
      SELECT c."Id", c."CreatedAt", c."Description", c."Name"
      FROM "Categories" AS c
info: Microsoft.EntityFrameworkCore.Database.Command[20101]
      Executed DbCommand (1ms) [Parameters=[], CommandType='Text', CommandTimeout='30']
      SELECT c."Id", c."CreatedAt", c."Description", c."Name"
      FROM "Categories" AS c
info: Microsoft.EntityFrameworkCore.Database.Command[20101]
      Executed DbCommand (1ms) [Parameters=[], CommandType='Text', CommandTimeout='30']
      SELECT c."Id", c."CreatedAt", c."Description", c."Name"
      FROM "Categories" AS c
info: Microsoft.EntityFrameworkCore.Database.Command[20101]
      Executed DbCommand (17ms) [Parameters=[@p0='?' (DbType = Guid), @p1='?' (DbType = Guid), @p2='?' (DbType = DateTime), @p3='?', @p4='?', @p5='?' (DbType = Boolean), @p6='?', @p7='?' (DbType = Decimal), @p8='?' (DbType = Int32), @p9='?' (DbType = DateTime)], CommandType='Text', CommandTimeout='30']
      INSERT INTO "Products" ("Id", "CategoryId", "CreatedAt", "Description", "ImageUrl", "IsActive", "Name", "Price", "StockQuantity", "UpdatedAt")
      VALUES (@p0, @p1, @p2, @p3, @p4, @p5, @p6, @p7, @p8, @p9);
info: Microsoft.EntityFrameworkCore.Database.Command[20101]
      Executed DbCommand (1ms) [Parameters=[@__product_Id_0='?' (DbType = Guid)], CommandType='Text', CommandTimeout='30']
      SELECT p."Id", p."CategoryId", p."CreatedAt", p."Description", p."ImageUrl", p."IsActive", p."Name", p."Price", p."StockQuantity", p."UpdatedAt", c."Id", c."CreatedAt", c."Description", c."Name"
      FROM "Products" AS p
      INNER JOIN "Categories" AS c ON p."CategoryId" = c."Id"
      WHERE p."Id" = @__product_Id_0
      LIMIT 1
info: Microsoft.EntityFrameworkCore.Database.Command[20101]
      Executed DbCommand (1ms) [Parameters=[], CommandType='Text', CommandTimeout='30']
      SELECT count(*)::int
      FROM "Products" AS p
      WHERE p."IsActive"
info: Microsoft.EntityFrameworkCore.Database.Command[20101]
      Executed DbCommand (2ms) [Parameters=[@__p_1='?' (DbType = Int32), @__p_0='?' (DbType = Int32)], CommandType='Text', CommandTimeout='30']
      SELECT t."Id", t."CategoryId", t."CreatedAt", t."Description", t."ImageUrl", t."IsActive", t."Name", t."Price", t."StockQuantity", t."UpdatedAt", c."Id", c."CreatedAt", c."Description", c."Name"
      FROM (
          SELECT p."Id", p."CategoryId", p."CreatedAt", p."Description", p."ImageUrl", p."IsActive", p."Name", p."Price", p."StockQuantity", p."UpdatedAt"
          FROM "Products" AS p
          WHERE p."IsActive"
          ORDER BY p."Name"
          LIMIT @__p_1 OFFSET @__p_0
      ) AS t
      INNER JOIN "Categories" AS c ON t."CategoryId" = c."Id"
      ORDER BY t."Name"
info: Microsoft.EntityFrameworkCore.Database.Command[20101]
      Executed DbCommand (5ms) [Parameters=[], CommandType='Text', CommandTimeout='30']
      SELECT c."Id", c."CreatedAt", c."Description", c."Name"
      FROM "Categories" AS c
info: Microsoft.EntityFrameworkCore.Database.Command[20101]
      Executed DbCommand (4ms) [Parameters=[], CommandType='Text', CommandTimeout='30']
      SELECT count(*)::int
      FROM "Products" AS p
      WHERE p."IsActive"
info: Microsoft.EntityFrameworkCore.Database.Command[20101]
      Executed DbCommand (4ms) [Parameters=[@__p_1='?' (DbType = Int32), @__p_0='?' (DbType = Int32)], CommandType='Text', CommandTimeout='30']
      SELECT t."Id", t."CategoryId", t."CreatedAt", t."Description", t."ImageUrl", t."IsActive", t."Name", t."Price", t."StockQuantity", t."UpdatedAt", c."Id", c."CreatedAt", c."Description", c."Name"
      FROM (
          SELECT p."Id", p."CategoryId", p."CreatedAt", p."Description", p."ImageUrl", p."IsActive", p."Name", p."Price", p."StockQuantity", p."UpdatedAt"
          FROM "Products" AS p
          WHERE p."IsActive"
          ORDER BY p."Name"
          LIMIT @__p_1 OFFSET @__p_0
      ) AS t
      INNER JOIN "Categories" AS c ON t."CategoryId" = c."Id"
      ORDER BY t."Name"
info: Microsoft.EntityFrameworkCore.Database.Command[20101]
      Executed DbCommand (2ms) [Parameters=[], CommandType='Text', CommandTimeout='30']
      SELECT c."Id", c."CreatedAt", c."Description", c."Name"
      FROM "Categories" AS c
info: Microsoft.EntityFrameworkCore.Database.Command[20101]
      Executed DbCommand (7ms) [Parameters=[@__q_CategoryId_Value_0='?' (DbType = Guid)], CommandType='Text', CommandTimeout='30']
      SELECT count(*)::int
      FROM "Products" AS p
      WHERE p."IsActive" AND p."CategoryId" = @__q_CategoryId_Value_0
info: Microsoft.EntityFrameworkCore.Database.Command[20101]
      Executed DbCommand (6ms) [Parameters=[@__q_CategoryId_Value_0='?' (DbType = Guid), @__p_2='?' (DbType = Int32), @__p_1='?' (DbType = Int32)], CommandType='Text', CommandTimeout='30']
      SELECT t."Id", t."CategoryId", t."CreatedAt", t."Description", t."ImageUrl", t."IsActive", t."Name", t."Price", t."StockQuantity", t."UpdatedAt", c."Id", c."CreatedAt", c."Description", c."Name"
      FROM (
          SELECT p."Id", p."CategoryId", p."CreatedAt", p."Description", p."ImageUrl", p."IsActive", p."Name", p."Price", p."StockQuantity", p."UpdatedAt"
          FROM "Products" AS p
          WHERE p."IsActive" AND p."CategoryId" = @__q_CategoryId_Value_0
          ORDER BY p."Name"
          LIMIT @__p_2 OFFSET @__p_1
      ) AS t
      INNER JOIN "Categories" AS c ON t."CategoryId" = c."Id"
      ORDER BY t."Name"
info: Microsoft.EntityFrameworkCore.Database.Command[20101]
      Executed DbCommand (2ms) [Parameters=[@__q_CategoryId_Value_0='?' (DbType = Guid)], CommandType='Text', CommandTimeout='30']
      SELECT count(*)::int
      FROM "Products" AS p
      WHERE p."IsActive" AND p."CategoryId" = @__q_CategoryId_Value_0
info: Microsoft.EntityFrameworkCore.Database.Command[20101]
      Executed DbCommand (2ms) [Parameters=[@__q_CategoryId_Value_0='?' (DbType = Guid), @__p_2='?' (DbType = Int32), @__p_1='?' (DbType = Int32)], CommandType='Text', CommandTimeout='30']
      SELECT t."Id", t."CategoryId", t."CreatedAt", t."Description", t."ImageUrl", t."IsActive", t."Name", t."Price", t."StockQuantity", t."UpdatedAt", c."Id", c."CreatedAt", c."Description", c."Name"
      FROM (
          SELECT p."Id", p."CategoryId", p."CreatedAt", p."Description", p."ImageUrl", p."IsActive", p."Name", p."Price", p."StockQuantity", p."UpdatedAt"
          FROM "Products" AS p
          WHERE p."IsActive" AND p."CategoryId" = @__q_CategoryId_Value_0
          ORDER BY p."Name"
          LIMIT @__p_2 OFFSET @__p_1
      ) AS t
      INNER JOIN "Categories" AS c ON t."CategoryId" = c."Id"
      ORDER BY t."Name"
info: Microsoft.EntityFrameworkCore.Database.Command[20101]
      Executed DbCommand (2ms) [Parameters=[@__q_CategoryId_Value_0='?' (DbType = Guid)], CommandType='Text', CommandTimeout='30']
      SELECT count(*)::int
      FROM "Products" AS p
      WHERE p."IsActive" AND p."CategoryId" = @__q_CategoryId_Value_0
info: Microsoft.EntityFrameworkCore.Database.Command[20101]
      Executed DbCommand (1ms) [Parameters=[@__q_CategoryId_Value_0='?' (DbType = Guid), @__p_2='?' (DbType = Int32), @__p_1='?' (DbType = Int32)], CommandType='Text', CommandTimeout='30']
      SELECT t."Id", t."CategoryId", t."CreatedAt", t."Description", t."ImageUrl", t."IsActive", t."Name", t."Price", t."StockQuantity", t."UpdatedAt", c."Id", c."CreatedAt", c."Description", c."Name"
      FROM (
          SELECT p."Id", p."CategoryId", p."CreatedAt", p."Description", p."ImageUrl", p."IsActive", p."Name", p."Price", p."StockQuantity", p."UpdatedAt"
          FROM "Products" AS p
          WHERE p."IsActive" AND p."CategoryId" = @__q_CategoryId_Value_0
          ORDER BY p."Name"
          LIMIT @__p_2 OFFSET @__p_1
      ) AS t
      INNER JOIN "Categories" AS c ON t."CategoryId" = c."Id"
      ORDER BY t."Name"
info: Microsoft.EntityFrameworkCore.Database.Command[20101]
      Executed DbCommand (2ms) [Parameters=[@__q_CategoryId_Value_0='?' (DbType = Guid)], CommandType='Text', CommandTimeout='30']
      SELECT count(*)::int
      FROM "Products" AS p
      WHERE p."IsActive" AND p."CategoryId" = @__q_CategoryId_Value_0
info: Microsoft.EntityFrameworkCore.Database.Command[20101]
      Executed DbCommand (1ms) [Parameters=[@__q_CategoryId_Value_0='?' (DbType = Guid), @__p_2='?' (DbType = Int32), @__p_1='?' (DbType = Int32)], CommandType='Text', CommandTimeout='30']
      SELECT t."Id", t."CategoryId", t."CreatedAt", t."Description", t."ImageUrl", t."IsActive", t."Name", t."Price", t."StockQuantity", t."UpdatedAt", c."Id", c."CreatedAt", c."Description", c."Name"
      FROM (
          SELECT p."Id", p."CategoryId", p."CreatedAt", p."Description", p."ImageUrl", p."IsActive", p."Name", p."Price", p."StockQuantity", p."UpdatedAt"
          FROM "Products" AS p
          WHERE p."IsActive" AND p."CategoryId" = @__q_CategoryId_Value_0
          ORDER BY p."Name"
          LIMIT @__p_2 OFFSET @__p_1
      ) AS t
      INNER JOIN "Categories" AS c ON t."CategoryId" = c."Id"
      ORDER BY t."Name"
info: Microsoft.EntityFrameworkCore.Database.Command[20101]
      Executed DbCommand (2ms) [Parameters=[@__q_CategoryId_Value_0='?' (DbType = Guid)], CommandType='Text', CommandTimeout='30']
      SELECT count(*)::int
      FROM "Products" AS p
      WHERE p."IsActive" AND p."CategoryId" = @__q_CategoryId_Value_0
info: Microsoft.EntityFrameworkCore.Database.Command[20101]
      Executed DbCommand (1ms) [Parameters=[@__q_CategoryId_Value_0='?' (DbType = Guid), @__p_2='?' (DbType = Int32), @__p_1='?' (DbType = Int32)], CommandType='Text', CommandTimeout='30']
      SELECT t."Id", t."CategoryId", t."CreatedAt", t."Description", t."ImageUrl", t."IsActive", t."Name", t."Price", t."StockQuantity", t."UpdatedAt", c."Id", c."CreatedAt", c."Description", c."Name"
      FROM (
          SELECT p."Id", p."CategoryId", p."CreatedAt", p."Description", p."ImageUrl", p."IsActive", p."Name", p."Price", p."StockQuantity", p."UpdatedAt"
          FROM "Products" AS p
          WHERE p."IsActive" AND p."CategoryId" = @__q_CategoryId_Value_0
          ORDER BY p."Name"
          LIMIT @__p_2 OFFSET @__p_1
      ) AS t
      INNER JOIN "Categories" AS c ON t."CategoryId" = c."Id"
      ORDER BY t."Name"
info: Microsoft.EntityFrameworkCore.Database.Command[20101]
      Executed DbCommand (4ms) [Parameters=[], CommandType='Text', CommandTimeout='30']
      SELECT c."Id", c."CreatedAt", c."Description", c."Name"
      FROM "Categories" AS c
info: Microsoft.EntityFrameworkCore.Database.Command[20101]
      Executed DbCommand (4ms) [Parameters=[], CommandType='Text', CommandTimeout='30']
      SELECT count(*)::int
      FROM "Products" AS p
      WHERE p."IsActive"
info: Microsoft.EntityFrameworkCore.Database.Command[20101]
      Executed DbCommand (2ms) [Parameters=[@__p_1='?' (DbType = Int32), @__p_0='?' (DbType = Int32)], CommandType='Text', CommandTimeout='30']
      SELECT t."Id", t."CategoryId", t."CreatedAt", t."Description", t."ImageUrl", t."IsActive", t."Name", t."Price", t."StockQuantity", t."UpdatedAt", c."Id", c."CreatedAt", c."Description", c."Name"
      FROM (
          SELECT p."Id", p."CategoryId", p."CreatedAt", p."Description", p."ImageUrl", p."IsActive", p."Name", p."Price", p."StockQuantity", p."UpdatedAt"
          FROM "Products" AS p
          WHERE p."IsActive"
          ORDER BY p."Name"
          LIMIT @__p_1 OFFSET @__p_0
      ) AS t
      INNER JOIN "Categories" AS c ON t."CategoryId" = c."Id"
      ORDER BY t."Name"
info: Microsoft.EntityFrameworkCore.Database.Command[20101]
      Executed DbCommand (2ms) [Parameters=[], CommandType='Text', CommandTimeout='30']
      SELECT c."Id", c."CreatedAt", c."Description", c."Name"
      FROM "Categories" AS c
info: Microsoft.EntityFrameworkCore.Database.Command[20101]
      Executed DbCommand (1ms) [Parameters=[], CommandType='Text', CommandTimeout='30']
      SELECT c."Id", c."CreatedAt", c."Description", c."Name"
      FROM "Categories" AS c
info: Microsoft.EntityFrameworkCore.Database.Command[20101]
      Executed DbCommand (0ms) [Parameters=[], CommandType='Text', CommandTimeout='30']
      SELECT c."Id", c."CreatedAt", c."Description", c."Name"
      FROM "Categories" AS c
info: Microsoft.EntityFrameworkCore.Database.Command[20101]
      Executed DbCommand (8ms) [Parameters=[@p0='?' (DbType = Guid), @p1='?' (DbType = Guid), @p2='?' (DbType = DateTime), @p3='?', @p4='?', @p5='?' (DbType = Boolean), @p6='?', @p7='?' (DbType = Decimal), @p8='?' (DbType = Int32), @p9='?' (DbType = DateTime)], CommandType='Text', CommandTimeout='30']
      INSERT INTO "Products" ("Id", "CategoryId", "CreatedAt", "Description", "ImageUrl", "IsActive", "Name", "Price", "StockQuantity", "UpdatedAt")
      VALUES (@p0, @p1, @p2, @p3, @p4, @p5, @p6, @p7, @p8, @p9);
info: Microsoft.EntityFrameworkCore.Database.Command[20101]
      Executed DbCommand (4ms) [Parameters=[@__product_Id_0='?' (DbType = Guid)], CommandType='Text', CommandTimeout='30']
      SELECT p."Id", p."CategoryId", p."CreatedAt", p."Description", p."ImageUrl", p."IsActive", p."Name", p."Price", p."StockQuantity", p."UpdatedAt", c."Id", c."CreatedAt", c."Description", c."Name"
      FROM "Products" AS p
      INNER JOIN "Categories" AS c ON p."CategoryId" = c."Id"
      WHERE p."Id" = @__product_Id_0
      LIMIT 1
info: Microsoft.EntityFrameworkCore.Database.Command[20101]
      Executed DbCommand (7ms) [Parameters=[], CommandType='Text', CommandTimeout='30']
      SELECT c."Id", c."CreatedAt", c."Description", c."Name"
      FROM "Categories" AS c
info: Microsoft.EntityFrameworkCore.Database.Command[20101]
      Executed DbCommand (5ms) [Parameters=[], CommandType='Text', CommandTimeout='30']
      SELECT count(*)::int
      FROM "Products" AS p
      WHERE p."IsActive"
info: Microsoft.EntityFrameworkCore.Database.Command[20101]
      Executed DbCommand (3ms) [Parameters=[@__p_1='?' (DbType = Int32), @__p_0='?' (DbType = Int32)], CommandType='Text', CommandTimeout='30']
      SELECT t."Id", t."CategoryId", t."CreatedAt", t."Description", t."ImageUrl", t."IsActive", t."Name", t."Price", t."StockQuantity", t."UpdatedAt", c."Id", c."CreatedAt", c."Description", c."Name"
      FROM (
          SELECT p."Id", p."CategoryId", p."CreatedAt", p."Description", p."ImageUrl", p."IsActive", p."Name", p."Price", p."StockQuantity", p."UpdatedAt"
          FROM "Products" AS p
          WHERE p."IsActive"
          ORDER BY p."Name"
          LIMIT @__p_1 OFFSET @__p_0
      ) AS t
      INNER JOIN "Categories" AS c ON t."CategoryId" = c."Id"
      ORDER BY t."Name"
info: Microsoft.EntityFrameworkCore.Database.Command[20101]
      Executed DbCommand (1ms) [Parameters=[], CommandType='Text', CommandTimeout='30']
      SELECT c."Id", c."CreatedAt", c."Description", c."Name"
      FROM "Categories" AS c
info: Microsoft.EntityFrameworkCore.Database.Command[20101]
      Executed DbCommand (3ms) [Parameters=[@__q_CategoryId_Value_0='?' (DbType = Guid)], CommandType='Text', CommandTimeout='30']
      SELECT count(*)::int
      FROM "Products" AS p
      WHERE p."IsActive" AND p."CategoryId" = @__q_CategoryId_Value_0
info: Microsoft.EntityFrameworkCore.Database.Command[20101]
      Executed DbCommand (3ms) [Parameters=[@__q_CategoryId_Value_0='?' (DbType = Guid), @__p_2='?' (DbType = Int32), @__p_1='?' (DbType = Int32)], CommandType='Text', CommandTimeout='30']
      SELECT t."Id", t."CategoryId", t."CreatedAt", t."Description", t."ImageUrl", t."IsActive", t."Name", t."Price", t."StockQuantity", t."UpdatedAt", c."Id", c."CreatedAt", c."Description", c."Name"
      FROM (
          SELECT p."Id", p."CategoryId", p."CreatedAt", p."Description", p."ImageUrl", p."IsActive", p."Name", p."Price", p."StockQuantity", p."UpdatedAt"
          FROM "Products" AS p
          WHERE p."IsActive" AND p."CategoryId" = @__q_CategoryId_Value_0
          ORDER BY p."Name"
          LIMIT @__p_2 OFFSET @__p_1
      ) AS t
      INNER JOIN "Categories" AS c ON t."CategoryId" = c."Id"
      ORDER BY t."Name"
info: Microsoft.EntityFrameworkCore.Database.Command[20101]
      Executed DbCommand (2ms) [Parameters=[@__q_CategoryId_Value_0='?' (DbType = Guid)], CommandType='Text', CommandTimeout='30']
      SELECT count(*)::int
      FROM "Products" AS p
      WHERE p."IsActive" AND p."CategoryId" = @__q_CategoryId_Value_0
info: Microsoft.EntityFrameworkCore.Database.Command[20101]
      Executed DbCommand (4ms) [Parameters=[@__q_CategoryId_Value_0='?' (DbType = Guid), @__p_2='?' (DbType = Int32), @__p_1='?' (DbType = Int32)], CommandType='Text', CommandTimeout='30']
      SELECT t."Id", t."CategoryId", t."CreatedAt", t."Description", t."ImageUrl", t."IsActive", t."Name", t."Price", t."StockQuantity", t."UpdatedAt", c."Id", c."CreatedAt", c."Description", c."Name"
      FROM (
          SELECT p."Id", p."CategoryId", p."CreatedAt", p."Description", p."ImageUrl", p."IsActive", p."Name", p."Price", p."StockQuantity", p."UpdatedAt"
          FROM "Products" AS p
          WHERE p."IsActive" AND p."CategoryId" = @__q_CategoryId_Value_0
          ORDER BY p."Name"
          LIMIT @__p_2 OFFSET @__p_1
      ) AS t
      INNER JOIN "Categories" AS c ON t."CategoryId" = c."Id"
      ORDER BY t."Name"
info: Microsoft.EntityFrameworkCore.Database.Command[20101]
      Executed DbCommand (4ms) [Parameters=[@__q_CategoryId_Value_0='?' (DbType = Guid)], CommandType='Text', CommandTimeout='30']
      SELECT count(*)::int
      FROM "Products" AS p
      WHERE p."IsActive" AND p."CategoryId" = @__q_CategoryId_Value_0
info: Microsoft.EntityFrameworkCore.Database.Command[20101]
      Executed DbCommand (3ms) [Parameters=[@__q_CategoryId_Value_0='?' (DbType = Guid), @__p_2='?' (DbType = Int32), @__p_1='?' (DbType = Int32)], CommandType='Text', CommandTimeout='30']
      SELECT t."Id", t."CategoryId", t."CreatedAt", t."Description", t."ImageUrl", t."IsActive", t."Name", t."Price", t."StockQuantity", t."UpdatedAt", c."Id", c."CreatedAt", c."Description", c."Name"
      FROM (
          SELECT p."Id", p."CategoryId", p."CreatedAt", p."Description", p."ImageUrl", p."IsActive", p."Name", p."Price", p."StockQuantity", p."UpdatedAt"
          FROM "Products" AS p
          WHERE p."IsActive" AND p."CategoryId" = @__q_CategoryId_Value_0
          ORDER BY p."Name"
          LIMIT @__p_2 OFFSET @__p_1
      ) AS t
      INNER JOIN "Categories" AS c ON t."CategoryId" = c."Id"
      ORDER BY t."Name"
info: Microsoft.EntityFrameworkCore.Database.Command[20101]
      Executed DbCommand (4ms) [Parameters=[@__q_CategoryId_Value_0='?' (DbType = Guid)], CommandType='Text', CommandTimeout='30']
      SELECT count(*)::int
      FROM "Products" AS p
      WHERE p."IsActive" AND p."CategoryId" = @__q_CategoryId_Value_0
info: Microsoft.EntityFrameworkCore.Database.Command[20101]
      Executed DbCommand (4ms) [Parameters=[@__q_CategoryId_Value_0='?' (DbType = Guid), @__p_2='?' (DbType = Int32), @__p_1='?' (DbType = Int32)], CommandType='Text', CommandTimeout='30']
      SELECT t."Id", t."CategoryId", t."CreatedAt", t."Description", t."ImageUrl", t."IsActive", t."Name", t."Price", t."StockQuantity", t."UpdatedAt", c."Id", c."CreatedAt", c."Description", c."Name"
      FROM (
          SELECT p."Id", p."CategoryId", p."CreatedAt", p."Description", p."ImageUrl", p."IsActive", p."Name", p."Price", p."StockQuantity", p."UpdatedAt"
          FROM "Products" AS p
          WHERE p."IsActive" AND p."CategoryId" = @__q_CategoryId_Value_0
          ORDER BY p."Price"
          LIMIT @__p_2 OFFSET @__p_1
      ) AS t
      INNER JOIN "Categories" AS c ON t."CategoryId" = c."Id"
      ORDER BY t."Price"
info: Microsoft.EntityFrameworkCore.Database.Command[20101]
      Executed DbCommand (1ms) [Parameters=[], CommandType='Text', CommandTimeout='30']
      SELECT count(*)::int
      FROM "Products" AS p
      WHERE p."IsActive"
info: Microsoft.EntityFrameworkCore.Database.Command[20101]
      Executed DbCommand (2ms) [Parameters=[@__p_1='?' (DbType = Int32), @__p_0='?' (DbType = Int32)], CommandType='Text', CommandTimeout='30']
      SELECT t."Id", t."CategoryId", t."CreatedAt", t."Description", t."ImageUrl", t."IsActive", t."Name", t."Price", t."StockQuantity", t."UpdatedAt", c."Id", c."CreatedAt", c."Description", c."Name"
      FROM (
          SELECT p."Id", p."CategoryId", p."CreatedAt", p."Description", p."ImageUrl", p."IsActive", p."Name", p."Price", p."StockQuantity", p."UpdatedAt"
          FROM "Products" AS p
          WHERE p."IsActive"
          ORDER BY p."Price"
          LIMIT @__p_1 OFFSET @__p_0
      ) AS t
      INNER JOIN "Categories" AS c ON t."CategoryId" = c."Id"
      ORDER BY t."Price"
info: Microsoft.EntityFrameworkCore.Database.Command[20101]
      Executed DbCommand (7ms) [Parameters=[@__q_CategoryId_Value_0='?' (DbType = Guid)], CommandType='Text', CommandTimeout='30']
      SELECT count(*)::int
      FROM "Products" AS p
      WHERE p."IsActive" AND p."CategoryId" = @__q_CategoryId_Value_0
info: Microsoft.EntityFrameworkCore.Database.Command[20101]
      Executed DbCommand (3ms) [Parameters=[@__q_CategoryId_Value_0='?' (DbType = Guid), @__p_2='?' (DbType = Int32), @__p_1='?' (DbType = Int32)], CommandType='Text', CommandTimeout='30']
      SELECT t."Id", t."CategoryId", t."CreatedAt", t."Description", t."ImageUrl", t."IsActive", t."Name", t."Price", t."StockQuantity", t."UpdatedAt", c."Id", c."CreatedAt", c."Description", c."Name"
      FROM (
          SELECT p."Id", p."CategoryId", p."CreatedAt", p."Description", p."ImageUrl", p."IsActive", p."Name", p."Price", p."StockQuantity", p."UpdatedAt"
          FROM "Products" AS p
          WHERE p."IsActive" AND p."CategoryId" = @__q_CategoryId_Value_0
          ORDER BY p."Price"
          LIMIT @__p_2 OFFSET @__p_1
      ) AS t
      INNER JOIN "Categories" AS c ON t."CategoryId" = c."Id"
      ORDER BY t."Price"
info: Microsoft.EntityFrameworkCore.Database.Command[20101]
      Executed DbCommand (9ms) [Parameters=[], CommandType='Text', CommandTimeout='30']
      SELECT c."Id", c."CreatedAt", c."Description", c."Name"
      FROM "Categories" AS c
info: Microsoft.EntityFrameworkCore.Database.Command[20101]
      Executed DbCommand (2ms) [Parameters=[], CommandType='Text', CommandTimeout='30']
      SELECT c."Id", c."CreatedAt", c."Description", c."Name"
      FROM "Categories" AS c
info: Microsoft.EntityFrameworkCore.Database.Command[20101]
      Executed DbCommand (2ms) [Parameters=[], CommandType='Text', CommandTimeout='30']
      SELECT c."Id", c."CreatedAt", c."Description", c."Name"
      FROM "Categories" AS c
info: Microsoft.EntityFrameworkCore.Database.Command[20101]
      Executed DbCommand (2ms) [Parameters=[], CommandType='Text', CommandTimeout='30']
      SELECT c."Id", c."CreatedAt", c."Description", c."Name"
      FROM "Categories" AS c
info: Microsoft.EntityFrameworkCore.Database.Command[20101]
      Executed DbCommand (3ms) [Parameters=[@__get_Item_0='?' (DbType = Guid)], CommandType='Text', CommandTimeout='30']
      SELECT p."Id", p."CategoryId", p."CreatedAt", p."Description", p."ImageUrl", p."IsActive", p."Name", p."Price", p."StockQuantity", p."UpdatedAt"
      FROM "Products" AS p
      WHERE p."Id" = @__get_Item_0
      LIMIT 1
info: Microsoft.EntityFrameworkCore.Database.Command[20101]
      Executed DbCommand (6ms) [Parameters=[@p9='?' (DbType = Guid), @p0='?' (DbType = Guid), @p1='?' (DbType = DateTime), @p2='?', @p3='?', @p4='?' (DbType = Boolean), @p5='?', @p6='?' (DbType = Decimal), @p7='?' (DbType = Int32), @p8='?' (DbType = DateTime)], CommandType='Text', CommandTimeout='30']
      UPDATE "Products" SET "CategoryId" = @p0, "CreatedAt" = @p1, "Description" = @p2, "ImageUrl" = @p3, "IsActive" = @p4, "Name" = @p5, "Price" = @p6, "StockQuantity" = @p7, "UpdatedAt" = @p8
      WHERE "Id" = @p9;
info: Microsoft.EntityFrameworkCore.Database.Command[20101]
      Executed DbCommand (2ms) [Parameters=[@__get_Item_0='?' (DbType = Guid)], CommandType='Text', CommandTimeout='30']
      SELECT p."Id", p."CategoryId", p."CreatedAt", p."Description", p."ImageUrl", p."IsActive", p."Name", p."Price", p."StockQuantity", p."UpdatedAt"
      FROM "Products" AS p
      WHERE p."Id" = @__get_Item_0
      LIMIT 1
info: Microsoft.EntityFrameworkCore.Database.Command[20101]
      Executed DbCommand (2ms) [Parameters=[@p9='?' (DbType = Guid), @p0='?' (DbType = Guid), @p1='?' (DbType = DateTime), @p2='?', @p3='?', @p4='?' (DbType = Boolean), @p5='?', @p6='?' (DbType = Decimal), @p7='?' (DbType = Int32), @p8='?' (DbType = DateTime)], CommandType='Text', CommandTimeout='30']
      UPDATE "Products" SET "CategoryId" = @p0, "CreatedAt" = @p1, "Description" = @p2, "ImageUrl" = @p3, "IsActive" = @p4, "Name" = @p5, "Price" = @p6, "StockQuantity" = @p7, "UpdatedAt" = @p8
      WHERE "Id" = @p9;
info: Microsoft.EntityFrameworkCore.Database.Command[20101]
      Executed DbCommand (2ms) [Parameters=[@__get_Item_0='?' (DbType = Guid)], CommandType='Text', CommandTimeout='30']
      SELECT p."Id", p."CategoryId", p."CreatedAt", p."Description", p."ImageUrl", p."IsActive", p."Name", p."Price", p."StockQuantity", p."UpdatedAt"
      FROM "Products" AS p
      WHERE p."Id" = @__get_Item_0
      LIMIT 1
info: Microsoft.EntityFrameworkCore.Database.Command[20101]
      Executed DbCommand (3ms) [Parameters=[@p9='?' (DbType = Guid), @p0='?' (DbType = Guid), @p1='?' (DbType = DateTime), @p2='?', @p3='?', @p4='?' (DbType = Boolean), @p5='?', @p6='?' (DbType = Decimal), @p7='?' (DbType = Int32), @p8='?' (DbType = DateTime)], CommandType='Text', CommandTimeout='30']
      UPDATE "Products" SET "CategoryId" = @p0, "CreatedAt" = @p1, "Description" = @p2, "ImageUrl" = @p3, "IsActive" = @p4, "Name" = @p5, "Price" = @p6, "StockQuantity" = @p7, "UpdatedAt" = @p8
      WHERE "Id" = @p9;
info: Microsoft.EntityFrameworkCore.Database.Command[20101]
      Executed DbCommand (4ms) [Parameters=[], CommandType='Text', CommandTimeout='30']
      SELECT c."Id", c."CreatedAt", c."Description", c."Name"
      FROM "Categories" AS c
info: Microsoft.EntityFrameworkCore.Database.Command[20101]
      Executed DbCommand (4ms) [Parameters=[], CommandType='Text', CommandTimeout='30']
      SELECT count(*)::int
      FROM "Products" AS p
      WHERE p."IsActive"
info: Microsoft.EntityFrameworkCore.Database.Command[20101]
      Executed DbCommand (2ms) [Parameters=[], CommandType='Text', CommandTimeout='30']
      SELECT c."Id", c."CreatedAt", c."Description", c."Name"
      FROM "Categories" AS c
info: Microsoft.EntityFrameworkCore.Database.Command[20101]
      Executed DbCommand (11ms) [Parameters=[@__p_1='?' (DbType = Int32), @__p_0='?' (DbType = Int32)], CommandType='Text', CommandTimeout='30']
      SELECT t."Id", t."CategoryId", t."CreatedAt", t."Description", t."ImageUrl", t."IsActive", t."Name", t."Price", t."StockQuantity", t."UpdatedAt", c."Id", c."CreatedAt", c."Description", c."Name"
      FROM (
          SELECT p."Id", p."CategoryId", p."CreatedAt", p."Description", p."ImageUrl", p."IsActive", p."Name", p."Price", p."StockQuantity", p."UpdatedAt"
          FROM "Products" AS p
          WHERE p."IsActive"
          ORDER BY p."Name"
          LIMIT @__p_1 OFFSET @__p_0
      ) AS t
      INNER JOIN "Categories" AS c ON t."CategoryId" = c."Id"
      ORDER BY t."Name"
info: Microsoft.EntityFrameworkCore.Database.Command[20101]
      Executed DbCommand (26ms) [Parameters=[], CommandType='Text', CommandTimeout='30']
      SELECT c."Id", c."CreatedAt", c."Description", c."Name"
      FROM "Categories" AS c
info: Microsoft.EntityFrameworkCore.Database.Command[20101]
      Executed DbCommand (25ms) [Parameters=[], CommandType='Text', CommandTimeout='30']
      SELECT count(*)::int
      FROM "Products" AS p
      WHERE p."IsActive"
info: Microsoft.EntityFrameworkCore.Database.Command[20101]
      Executed DbCommand (1ms) [Parameters=[], CommandType='Text', CommandTimeout='30']
      SELECT c."Id", c."CreatedAt", c."Description", c."Name"
      FROM "Categories" AS c
info: Microsoft.EntityFrameworkCore.Database.Command[20101]
      Executed DbCommand (14ms) [Parameters=[@__p_1='?' (DbType = Int32), @__p_0='?' (DbType = Int32)], CommandType='Text', CommandTimeout='30']
      SELECT t."Id", t."CategoryId", t."CreatedAt", t."Description", t."ImageUrl", t."IsActive", t."Name", t."Price", t."StockQuantity", t."UpdatedAt", c."Id", c."CreatedAt", c."Description", c."Name"
      FROM (
          SELECT p."Id", p."CategoryId", p."CreatedAt", p."Description", p."ImageUrl", p."IsActive", p."Name", p."Price", p."StockQuantity", p."UpdatedAt"
          FROM "Products" AS p
          WHERE p."IsActive"
          ORDER BY p."Name"
          LIMIT @__p_1 OFFSET @__p_0
      ) AS t
      INNER JOIN "Categories" AS c ON t."CategoryId" = c."Id"
      ORDER BY t."Name"
info: Microsoft.EntityFrameworkCore.Database.Command[20101]
      Executed DbCommand (11ms) [Parameters=[], CommandType='Text', CommandTimeout='30']
      SELECT c."Id", c."CreatedAt", c."Description", c."Name"
      FROM "Categories" AS c
info: Microsoft.EntityFrameworkCore.Database.Command[20101]
      Executed DbCommand (6ms) [Parameters=[], CommandType='Text', CommandTimeout='30']
      SELECT c."Id", c."CreatedAt", c."Description", c."Name"
      FROM "Categories" AS c
info: Microsoft.EntityFrameworkCore.Database.Command[20101]
      Executed DbCommand (6ms) [Parameters=[], CommandType='Text', CommandTimeout='30']
      SELECT count(*)::int
      FROM "Products" AS p
      WHERE p."IsActive"
info: Microsoft.EntityFrameworkCore.Database.Command[20101]
      Executed DbCommand (6ms) [Parameters=[], CommandType='Text', CommandTimeout='30']
      SELECT c."Id", c."CreatedAt", c."Description", c."Name"
      FROM "Categories" AS c
info: Microsoft.EntityFrameworkCore.Database.Command[20101]
      Executed DbCommand (0ms) [Parameters=[], CommandType='Text', CommandTimeout='30']
      SELECT c."Id", c."CreatedAt", c."Description", c."Name"
      FROM "Categories" AS c
info: Microsoft.EntityFrameworkCore.Database.Command[20101]
      Executed DbCommand (6ms) [Parameters=[@__p_1='?' (DbType = Int32), @__p_0='?' (DbType = Int32)], CommandType='Text', CommandTimeout='30']
      SELECT t."Id", t."CategoryId", t."CreatedAt", t."Description", t."ImageUrl", t."IsActive", t."Name", t."Price", t."StockQuantity", t."UpdatedAt", c."Id", c."CreatedAt", c."Description", c."Name"
      FROM (
          SELECT p."Id", p."CategoryId", p."CreatedAt", p."Description", p."ImageUrl", p."IsActive", p."Name", p."Price", p."StockQuantity", p."UpdatedAt"
          FROM "Products" AS p
          WHERE p."IsActive"
          ORDER BY p."Name"
          LIMIT @__p_1 OFFSET @__p_0
      ) AS t
      INNER JOIN "Categories" AS c ON t."CategoryId" = c."Id"
      ORDER BY t."Name"
info: Microsoft.EntityFrameworkCore.Database.Command[20101]
      Executed DbCommand (10ms) [Parameters=[], CommandType='Text', CommandTimeout='30']
      SELECT c."Id", c."CreatedAt", c."Description", c."Name"
      FROM "Categories" AS c
info: Microsoft.EntityFrameworkCore.Database.Command[20101]
      Executed DbCommand (3ms) [Parameters=[], CommandType='Text', CommandTimeout='30']
      SELECT c."Id", c."CreatedAt", c."Description", c."Name"
      FROM "Categories" AS c
info: Microsoft.EntityFrameworkCore.Database.Command[20101]
      Executed DbCommand (10ms) [Parameters=[], CommandType='Text', CommandTimeout='30']
      SELECT count(*)::int
      FROM "Products" AS p
      WHERE p."IsActive"
info: Microsoft.EntityFrameworkCore.Database.Command[20101]
      Executed DbCommand (6ms) [Parameters=[@__p_1='?' (DbType = Int32), @__p_0='?' (DbType = Int32)], CommandType='Text', CommandTimeout='30']
      SELECT t."Id", t."CategoryId", t."CreatedAt", t."Description", t."ImageUrl", t."IsActive", t."Name", t."Price", t."StockQuantity", t."UpdatedAt", c."Id", c."CreatedAt", c."Description", c."Name"
      FROM (
          SELECT p."Id", p."CategoryId", p."CreatedAt", p."Description", p."ImageUrl", p."IsActive", p."Name", p."Price", p."StockQuantity", p."UpdatedAt"
          FROM "Products" AS p
          WHERE p."IsActive"
          ORDER BY p."Price"
          LIMIT @__p_1 OFFSET @__p_0
      ) AS t
      INNER JOIN "Categories" AS c ON t."CategoryId" = c."Id"
      ORDER BY t."Price"
info: Microsoft.EntityFrameworkCore.Database.Command[20101]
      Executed DbCommand (2ms) [Parameters=[], CommandType='Text', CommandTimeout='30']
      SELECT count(*)::int
      FROM "Products" AS p
      WHERE p."IsActive"
info: Microsoft.EntityFrameworkCore.Database.Command[20101]
      Executed DbCommand (3ms) [Parameters=[@__p_1='?' (DbType = Int32), @__p_0='?' (DbType = Int32)], CommandType='Text', CommandTimeout='30']
      SELECT t."Id", t."CategoryId", t."CreatedAt", t."Description", t."ImageUrl", t."IsActive", t."Name", t."Price", t."StockQuantity", t."UpdatedAt", c."Id", c."CreatedAt", c."Description", c."Name"
      FROM (
          SELECT p."Id", p."CategoryId", p."CreatedAt", p."Description", p."ImageUrl", p."IsActive", p."Name", p."Price", p."StockQuantity", p."UpdatedAt"
          FROM "Products" AS p
          WHERE p."IsActive"
          ORDER BY p."Price" DESC
          LIMIT @__p_1 OFFSET @__p_0
      ) AS t
      INNER JOIN "Categories" AS c ON t."CategoryId" = c."Id"
      ORDER BY t."Price" DESC
info: Microsoft.EntityFrameworkCore.Database.Command[20101]
      Executed DbCommand (8ms) [Parameters=[@__q_CategoryId_Value_0='?' (DbType = Guid)], CommandType='Text', CommandTimeout='30']
      SELECT count(*)::int
      FROM "Products" AS p
      WHERE p."IsActive" AND p."CategoryId" = @__q_CategoryId_Value_0
info: Microsoft.EntityFrameworkCore.Database.Command[20101]
      Executed DbCommand (4ms) [Parameters=[@__q_CategoryId_Value_0='?' (DbType = Guid), @__p_2='?' (DbType = Int32), @__p_1='?' (DbType = Int32)], CommandType='Text', CommandTimeout='30']
      SELECT t."Id", t."CategoryId", t."CreatedAt", t."Description", t."ImageUrl", t."IsActive", t."Name", t."Price", t."StockQuantity", t."UpdatedAt", c."Id", c."CreatedAt", c."Description", c."Name"
      FROM (
          SELECT p."Id", p."CategoryId", p."CreatedAt", p."Description", p."ImageUrl", p."IsActive", p."Name", p."Price", p."StockQuantity", p."UpdatedAt"
          FROM "Products" AS p
          WHERE p."IsActive" AND p."CategoryId" = @__q_CategoryId_Value_0
          ORDER BY p."Price" DESC
          LIMIT @__p_2 OFFSET @__p_1
      ) AS t
      INNER JOIN "Categories" AS c ON t."CategoryId" = c."Id"
      ORDER BY t."Price" DESC
info: Microsoft.EntityFrameworkCore.Database.Command[20101]
      Executed DbCommand (1ms) [Parameters=[@__q_CategoryId_Value_0='?' (DbType = Guid)], CommandType='Text', CommandTimeout='30']
      SELECT count(*)::int
      FROM "Products" AS p
      WHERE p."IsActive" AND p."CategoryId" = @__q_CategoryId_Value_0
info: Microsoft.EntityFrameworkCore.Database.Command[20101]
      Executed DbCommand (1ms) [Parameters=[@__q_CategoryId_Value_0='?' (DbType = Guid), @__p_2='?' (DbType = Int32), @__p_1='?' (DbType = Int32)], CommandType='Text', CommandTimeout='30']
      SELECT t."Id", t."CategoryId", t."CreatedAt", t."Description", t."ImageUrl", t."IsActive", t."Name", t."Price", t."StockQuantity", t."UpdatedAt", c."Id", c."CreatedAt", c."Description", c."Name"
      FROM (
          SELECT p."Id", p."CategoryId", p."CreatedAt", p."Description", p."ImageUrl", p."IsActive", p."Name", p."Price", p."StockQuantity", p."UpdatedAt"
          FROM "Products" AS p
          WHERE p."IsActive" AND p."CategoryId" = @__q_CategoryId_Value_0
          ORDER BY p."Price" DESC
          LIMIT @__p_2 OFFSET @__p_1
      ) AS t
      INNER JOIN "Categories" AS c ON t."CategoryId" = c."Id"
      ORDER BY t."Price" DESC
info: Microsoft.EntityFrameworkCore.Database.Command[20101]
      Executed DbCommand (4ms) [Parameters=[@__q_CategoryId_Value_0='?' (DbType = Guid)], CommandType='Text', CommandTimeout='30']
      SELECT count(*)::int
      FROM "Products" AS p
      WHERE p."IsActive" AND p."CategoryId" = @__q_CategoryId_Value_0
info: Microsoft.EntityFrameworkCore.Database.Command[20101]
      Executed DbCommand (1ms) [Parameters=[@__q_CategoryId_Value_0='?' (DbType = Guid), @__p_2='?' (DbType = Int32), @__p_1='?' (DbType = Int32)], CommandType='Text', CommandTimeout='30']
      SELECT t."Id", t."CategoryId", t."CreatedAt", t."Description", t."ImageUrl", t."IsActive", t."Name", t."Price", t."StockQuantity", t."UpdatedAt", c."Id", c."CreatedAt", c."Description", c."Name"
      FROM (
          SELECT p."Id", p."CategoryId", p."CreatedAt", p."Description", p."ImageUrl", p."IsActive", p."Name", p."Price", p."StockQuantity", p."UpdatedAt"
          FROM "Products" AS p
          WHERE p."IsActive" AND p."CategoryId" = @__q_CategoryId_Value_0
          ORDER BY p."Price" DESC
          LIMIT @__p_2 OFFSET @__p_1
      ) AS t
      INNER JOIN "Categories" AS c ON t."CategoryId" = c."Id"
      ORDER BY t."Price" DESC
info: Microsoft.EntityFrameworkCore.Database.Command[20101]
      Executed DbCommand (1ms) [Parameters=[@__q_CategoryId_Value_0='?' (DbType = Guid)], CommandType='Text', CommandTimeout='30']
      SELECT count(*)::int
      FROM "Products" AS p
      WHERE p."IsActive" AND p."CategoryId" = @__q_CategoryId_Value_0
info: Microsoft.EntityFrameworkCore.Database.Command[20101]
      Executed DbCommand (1ms) [Parameters=[@__q_CategoryId_Value_0='?' (DbType = Guid), @__p_2='?' (DbType = Int32), @__p_1='?' (DbType = Int32)], CommandType='Text', CommandTimeout='30']
      SELECT t."Id", t."CategoryId", t."CreatedAt", t."Description", t."ImageUrl", t."IsActive", t."Name", t."Price", t."StockQuantity", t."UpdatedAt", c."Id", c."CreatedAt", c."Description", c."Name"
      FROM (
          SELECT p."Id", p."CategoryId", p."CreatedAt", p."Description", p."ImageUrl", p."IsActive", p."Name", p."Price", p."StockQuantity", p."UpdatedAt"
          FROM "Products" AS p
          WHERE p."IsActive" AND p."CategoryId" = @__q_CategoryId_Value_0
          ORDER BY p."Price" DESC
          LIMIT @__p_2 OFFSET @__p_1
      ) AS t
      INNER JOIN "Categories" AS c ON t."CategoryId" = c."Id"
      ORDER BY t."Price" DESC
info: Microsoft.EntityFrameworkCore.Database.Command[20101]
      Executed DbCommand (6ms) [Parameters=[], CommandType='Text', CommandTimeout='30']
      SELECT c."Id", c."CreatedAt", c."Description", c."Name"
      FROM "Categories" AS c
info: Microsoft.EntityFrameworkCore.Database.Command[20101]
      Executed DbCommand (2ms) [Parameters=[], CommandType='Text', CommandTimeout='30']
      SELECT count(*)::int
      FROM "Products" AS p
      WHERE p."IsActive"
info: Microsoft.EntityFrameworkCore.Database.Command[20101]
      Executed DbCommand (2ms) [Parameters=[], CommandType='Text', CommandTimeout='30']
      SELECT c."Id", c."CreatedAt", c."Description", c."Name"
      FROM "Categories" AS c
info: Microsoft.EntityFrameworkCore.Database.Command[20101]
      Executed DbCommand (6ms) [Parameters=[@__p_1='?' (DbType = Int32), @__p_0='?' (DbType = Int32)], CommandType='Text', CommandTimeout='30']
      SELECT t."Id", t."CategoryId", t."CreatedAt", t."Description", t."ImageUrl", t."IsActive", t."Name", t."Price", t."StockQuantity", t."UpdatedAt", c."Id", c."CreatedAt", c."Description", c."Name"
      FROM (
          SELECT p."Id", p."CategoryId", p."CreatedAt", p."Description", p."ImageUrl", p."IsActive", p."Name", p."Price", p."StockQuantity", p."UpdatedAt"
          FROM "Products" AS p
          WHERE p."IsActive"
          ORDER BY p."Name"
          LIMIT @__p_1 OFFSET @__p_0
      ) AS t
      INNER JOIN "Categories" AS c ON t."CategoryId" = c."Id"
      ORDER BY t."Name"
info: Microsoft.EntityFrameworkCore.Database.Command[20101]
      Executed DbCommand (1ms) [Parameters=[], CommandType='Text', CommandTimeout='30']
      SELECT c."Id", c."CreatedAt", c."Description", c."Name"
      FROM "Categories" AS c
info: Microsoft.EntityFrameworkCore.Database.Command[20101]
      Executed DbCommand (1ms) [Parameters=[], CommandType='Text', CommandTimeout='30']
      SELECT c."Id", c."CreatedAt", c."Description", c."Name"
      FROM "Categories" AS c
info: Microsoft.EntityFrameworkCore.Database.Command[20101]
      Executed DbCommand (16ms) [Parameters=[@p0='?' (DbType = Guid), @p1='?' (DbType = DateTime), @p2='?', @p3='?'], CommandType='Text', CommandTimeout='30']
      INSERT INTO "Categories" ("Id", "CreatedAt", "Description", "Name")
      VALUES (@p0, @p1, @p2, @p3);
info: Microsoft.EntityFrameworkCore.Database.Command[20101]
      Executed DbCommand (3ms) [Parameters=[], CommandType='Text', CommandTimeout='30']
      SELECT c."Id", c."CreatedAt", c."Description", c."Name"
      FROM "Categories" AS c
info: Microsoft.EntityFrameworkCore.Database.Command[20101]
      Executed DbCommand (2ms) [Parameters=[], CommandType='Text', CommandTimeout='30']
      SELECT c."Id", c."CreatedAt", c."Description", c."Name"
      FROM "Categories" AS c
info: Microsoft.EntityFrameworkCore.Database.Command[20101]
      Executed DbCommand (2ms) [Parameters=[], CommandType='Text', CommandTimeout='30']
      SELECT c."Id", c."CreatedAt", c."Description", c."Name"
      FROM "Categories" AS c
info: Microsoft.EntityFrameworkCore.Database.Command[20101]
      Executed DbCommand (16ms) [Parameters=[@p0='?' (DbType = Guid), @p1='?' (DbType = Guid), @p2='?' (DbType = DateTime), @p3='?', @p4='?', @p5='?' (DbType = Boolean), @p6='?', @p7='?' (DbType = Decimal), @p8='?' (DbType = Int32), @p9='?' (DbType = DateTime)], CommandType='Text', CommandTimeout='30']
      INSERT INTO "Products" ("Id", "CategoryId", "CreatedAt", "Description", "ImageUrl", "IsActive", "Name", "Price", "StockQuantity", "UpdatedAt")
      VALUES (@p0, @p1, @p2, @p3, @p4, @p5, @p6, @p7, @p8, @p9);
info: Microsoft.EntityFrameworkCore.Database.Command[20101]
      Executed DbCommand (4ms) [Parameters=[@__product_Id_0='?' (DbType = Guid)], CommandType='Text', CommandTimeout='30']
      SELECT p."Id", p."CategoryId", p."CreatedAt", p."Description", p."ImageUrl", p."IsActive", p."Name", p."Price", p."StockQuantity", p."UpdatedAt", c."Id", c."CreatedAt", c."Description", c."Name"
      FROM "Products" AS p
      INNER JOIN "Categories" AS c ON p."CategoryId" = c."Id"
      WHERE p."Id" = @__product_Id_0
      LIMIT 1
info: Microsoft.EntityFrameworkCore.Database.Command[20101]
      Executed DbCommand (4ms) [Parameters=[], CommandType='Text', CommandTimeout='30']
      SELECT c."Id", c."CreatedAt", c."Description", c."Name"
      FROM "Categories" AS c
info: Microsoft.EntityFrameworkCore.Database.Command[20101]
      Executed DbCommand (2ms) [Parameters=[], CommandType='Text', CommandTimeout='30']
      SELECT c."Id", c."CreatedAt", c."Description", c."Name"
      FROM "Categories" AS c
info: Microsoft.EntityFrameworkCore.Database.Command[20101]
      Executed DbCommand (3ms) [Parameters=[], CommandType='Text', CommandTimeout='30']
      SELECT c."Id", c."CreatedAt", c."Description", c."Name"
      FROM "Categories" AS c
info: Microsoft.EntityFrameworkCore.Database.Command[20101]
      Executed DbCommand (8ms) [Parameters=[], CommandType='Text', CommandTimeout='30']
      SELECT c."Id", c."CreatedAt", c."Description", c."Name"
      FROM "Categories" AS c
info: Microsoft.EntityFrameworkCore.Database.Command[20101]
      Executed DbCommand (14ms) [Parameters=[], CommandType='Text', CommandTimeout='30']
      SELECT count(*)::int
      FROM "Products" AS p
      WHERE p."IsActive"
info: Microsoft.EntityFrameworkCore.Database.Command[20101]
      Executed DbCommand (10ms) [Parameters=[@__p_1='?' (DbType = Int32), @__p_0='?' (DbType = Int32)], CommandType='Text', CommandTimeout='30']
      SELECT t."Id", t."CategoryId", t."CreatedAt", t."Description", t."ImageUrl", t."IsActive", t."Name", t."Price", t."StockQuantity", t."UpdatedAt", c."Id", c."CreatedAt", c."Description", c."Name"
      FROM (
          SELECT p."Id", p."CategoryId", p."CreatedAt", p."Description", p."ImageUrl", p."IsActive", p."Name", p."Price", p."StockQuantity", p."UpdatedAt"
          FROM "Products" AS p
          WHERE p."IsActive"
          ORDER BY p."Name"
          LIMIT @__p_1 OFFSET @__p_0
      ) AS t
      INNER JOIN "Categories" AS c ON t."CategoryId" = c."Id"
      ORDER BY t."Name"
info: Microsoft.EntityFrameworkCore.Database.Command[20101]
      Executed DbCommand (6ms) [Parameters=[], CommandType='Text', CommandTimeout='30']
      SELECT c."Id", c."CreatedAt", c."Description", c."Name"
      FROM "Categories" AS c
info: Microsoft.EntityFrameworkCore.Database.Command[20101]
      Executed DbCommand (2ms) [Parameters=[], CommandType='Text', CommandTimeout='30']
      SELECT c."Id", c."CreatedAt", c."Description", c."Name"
      FROM "Categories" AS c
info: Microsoft.EntityFrameworkCore.Database.Command[20101]
      Executed DbCommand (1ms) [Parameters=[], CommandType='Text', CommandTimeout='30']
      SELECT c."Id", c."CreatedAt", c."Description", c."Name"
      FROM "Categories" AS c
info: Microsoft.EntityFrameworkCore.Database.Command[20101]
      Executed DbCommand (1ms) [Parameters=[], CommandType='Text', CommandTimeout='30']
      SELECT c."Id", c."CreatedAt", c."Description", c."Name"
      FROM "Categories" AS c
info: Microsoft.EntityFrameworkCore.Database.Command[20101]
      Executed DbCommand (19ms) [Parameters=[@p0='?' (DbType = Guid), @p1='?' (DbType = Guid), @p2='?' (DbType = DateTime), @p3='?', @p4='?', @p5='?' (DbType = Boolean), @p6='?', @p7='?' (DbType = Decimal), @p8='?' (DbType = Int32), @p9='?' (DbType = DateTime)], CommandType='Text', CommandTimeout='30']
      INSERT INTO "Products" ("Id", "CategoryId", "CreatedAt", "Description", "ImageUrl", "IsActive", "Name", "Price", "StockQuantity", "UpdatedAt")
      VALUES (@p0, @p1, @p2, @p3, @p4, @p5, @p6, @p7, @p8, @p9);
info: Microsoft.EntityFrameworkCore.Database.Command[20101]
      Executed DbCommand (1ms) [Parameters=[@__product_Id_0='?' (DbType = Guid)], CommandType='Text', CommandTimeout='30']
      SELECT p."Id", p."CategoryId", p."CreatedAt", p."Description", p."ImageUrl", p."IsActive", p."Name", p."Price", p."StockQuantity", p."UpdatedAt", c."Id", c."CreatedAt", c."Description", c."Name"
      FROM "Products" AS p
      INNER JOIN "Categories" AS c ON p."CategoryId" = c."Id"
      WHERE p."Id" = @__product_Id_0
      LIMIT 1
info: Microsoft.EntityFrameworkCore.Database.Command[20101]
      Executed DbCommand (11ms) [Parameters=[], CommandType='Text', CommandTimeout='30']
      SELECT c."Id", c."CreatedAt", c."Description", c."Name"
      FROM "Categories" AS c
info: Microsoft.EntityFrameworkCore.Database.Command[20101]
      Executed DbCommand (5ms) [Parameters=[], CommandType='Text', CommandTimeout='30']
      SELECT count(*)::int
      FROM "Products" AS p
      WHERE p."IsActive"
info: Microsoft.EntityFrameworkCore.Database.Command[20101]
      Executed DbCommand (2ms) [Parameters=[], CommandType='Text', CommandTimeout='30']
      SELECT c."Id", c."CreatedAt", c."Description", c."Name"
      FROM "Categories" AS c
info: Microsoft.EntityFrameworkCore.Database.Command[20101]
      Executed DbCommand (5ms) [Parameters=[@__p_1='?' (DbType = Int32), @__p_0='?' (DbType = Int32)], CommandType='Text', CommandTimeout='30']
      SELECT t."Id", t."CategoryId", t."CreatedAt", t."Description", t."ImageUrl", t."IsActive", t."Name", t."Price", t."StockQuantity", t."UpdatedAt", c."Id", c."CreatedAt", c."Description", c."Name"
      FROM (
          SELECT p."Id", p."CategoryId", p."CreatedAt", p."Description", p."ImageUrl", p."IsActive", p."Name", p."Price", p."StockQuantity", p."UpdatedAt"
          FROM "Products" AS p
          WHERE p."IsActive"
          ORDER BY p."Name"
          LIMIT @__p_1 OFFSET @__p_0
      ) AS t
      INNER JOIN "Categories" AS c ON t."CategoryId" = c."Id"
      ORDER BY t."Name"
info: Microsoft.EntityFrameworkCore.Database.Command[20101]
      Executed DbCommand (15ms) [Parameters=[], CommandType='Text', CommandTimeout='30']
      SELECT count(*)::int
      FROM "Products" AS p
      WHERE p."IsActive"
info: Microsoft.EntityFrameworkCore.Database.Command[20101]
      Executed DbCommand (4ms) [Parameters=[@__p_0='?' (DbType = Int32)], CommandType='Text', CommandTimeout='30']
      SELECT t."Id", t."CategoryId", t."CreatedAt", t."Description", t."ImageUrl", t."IsActive", t."Name", t."Price", t."StockQuantity", t."UpdatedAt", c."Id", c."CreatedAt", c."Description", c."Name"
      FROM (
          SELECT p."Id", p."CategoryId", p."CreatedAt", p."Description", p."ImageUrl", p."IsActive", p."Name", p."Price", p."StockQuantity", p."UpdatedAt"
          FROM "Products" AS p
          WHERE p."IsActive"
          ORDER BY p."Name"
          LIMIT @__p_0 OFFSET @__p_0
      ) AS t
      INNER JOIN "Categories" AS c ON t."CategoryId" = c."Id"
      ORDER BY t."Name"
info: Microsoft.EntityFrameworkCore.Database.Command[20101]
      Executed DbCommand (14ms) [Parameters=[@__id_0='?' (DbType = Guid)], CommandType='Text', CommandTimeout='30']
      SELECT p."Id", p."CategoryId", p."CreatedAt", p."Description", p."ImageUrl", p."IsActive", p."Name", p."Price", p."StockQuantity", p."UpdatedAt", c."Id", c."CreatedAt", c."Description", c."Name"
      FROM "Products" AS p
      INNER JOIN "Categories" AS c ON p."CategoryId" = c."Id"
      WHERE p."Id" = @__id_0
      LIMIT 1
info: Microsoft.EntityFrameworkCore.Database.Command[20101]
      Executed DbCommand (2ms) [Parameters=[@__id_0='?' (DbType = Guid)], CommandType='Text', CommandTimeout='30']
      SELECT p."Id", p."CategoryId", p."CreatedAt", p."Description", p."ImageUrl", p."IsActive", p."Name", p."Price", p."StockQuantity", p."UpdatedAt", c."Id", c."CreatedAt", c."Description", c."Name"
      FROM "Products" AS p
      INNER JOIN "Categories" AS c ON p."CategoryId" = c."Id"
      WHERE p."Id" = @__id_0
      LIMIT 1
info: Microsoft.EntityFrameworkCore.Database.Command[20101]
      Executed DbCommand (2ms) [Parameters=[], CommandType='Text', CommandTimeout='30']
      SELECT c."Id", c."CreatedAt", c."Description", c."Name"
      FROM "Categories" AS c
info: Microsoft.EntityFrameworkCore.Database.Command[20101]
      Executed DbCommand (1ms) [Parameters=[], CommandType='Text', CommandTimeout='30']
      SELECT c."Id", c."CreatedAt", c."Description", c."Name"
      FROM "Categories" AS c
info: Microsoft.EntityFrameworkCore.Database.Command[20101]
      Executed DbCommand (3ms) [Parameters=[], CommandType='Text', CommandTimeout='30']
      SELECT c."Id", c."CreatedAt", c."Description", c."Name"
      FROM "Categories" AS c
info: Microsoft.EntityFrameworkCore.Database.Command[20101]
      Executed DbCommand (1ms) [Parameters=[], CommandType='Text', CommandTimeout='30']
      SELECT c."Id", c."CreatedAt", c."Description", c."Name"
      FROM "Categories" AS c
info: Microsoft.EntityFrameworkCore.Database.Command[20101]
      Executed DbCommand (1ms) [Parameters=[], CommandType='Text', CommandTimeout='30']
      SELECT c."Id", c."CreatedAt", c."Description", c."Name"
      FROM "Categories" AS c
info: Microsoft.EntityFrameworkCore.Database.Command[20101]
      Executed DbCommand (1ms) [Parameters=[], CommandType='Text', CommandTimeout='30']
      SELECT c."Id", c."CreatedAt", c."Description", c."Name"
      FROM "Categories" AS c
info: Microsoft.EntityFrameworkCore.Database.Command[20101]
      Executed DbCommand (13ms) [Parameters=[], CommandType='Text', CommandTimeout='30']
      SELECT c."Id", c."CreatedAt", c."Description", c."Name"
      FROM "Categories" AS c
info: Microsoft.EntityFrameworkCore.Database.Command[20101]
      Executed DbCommand (3ms) [Parameters=[], CommandType='Text', CommandTimeout='30']
      SELECT c."Id", c."CreatedAt", c."Description", c."Name"
      FROM "Categories" AS c
info: Microsoft.EntityFrameworkCore.Database.Command[20101]
      Executed DbCommand (9ms) [Parameters=[@__q_CategoryId_Value_0='?' (DbType = Guid)], CommandType='Text', CommandTimeout='30']
      SELECT count(*)::int
      FROM "Products" AS p
      WHERE p."IsActive" AND p."CategoryId" = @__q_CategoryId_Value_0
info: Microsoft.EntityFrameworkCore.Database.Command[20101]
      Executed DbCommand (3ms) [Parameters=[@__q_CategoryId_Value_0='?' (DbType = Guid), @__p_2='?' (DbType = Int32), @__p_1='?' (DbType = Int32)], CommandType='Text', CommandTimeout='30']
      SELECT t."Id", t."CategoryId", t."CreatedAt", t."Description", t."ImageUrl", t."IsActive", t."Name", t."Price", t."StockQuantity", t."UpdatedAt", c."Id", c."CreatedAt", c."Description", c."Name"
      FROM (
          SELECT p."Id", p."CategoryId", p."CreatedAt", p."Description", p."ImageUrl", p."IsActive", p."Name", p."Price", p."StockQuantity", p."UpdatedAt"
          FROM "Products" AS p
          WHERE p."IsActive" AND p."CategoryId" = @__q_CategoryId_Value_0
          ORDER BY p."Name"
          LIMIT @__p_2 OFFSET @__p_1
      ) AS t
      INNER JOIN "Categories" AS c ON t."CategoryId" = c."Id"
      ORDER BY t."Name"
info: Microsoft.EntityFrameworkCore.Database.Command[20101]
      Executed DbCommand (2ms) [Parameters=[@__q_CategoryId_Value_0='?' (DbType = Guid)], CommandType='Text', CommandTimeout='30']
      SELECT count(*)::int
      FROM "Products" AS p
      WHERE p."IsActive" AND p."CategoryId" = @__q_CategoryId_Value_0
info: Microsoft.EntityFrameworkCore.Database.Command[20101]
      Executed DbCommand (1ms) [Parameters=[@__q_CategoryId_Value_0='?' (DbType = Guid), @__p_2='?' (DbType = Int32), @__p_1='?' (DbType = Int32)], CommandType='Text', CommandTimeout='30']
      SELECT t."Id", t."CategoryId", t."CreatedAt", t."Description", t."ImageUrl", t."IsActive", t."Name", t."Price", t."StockQuantity", t."UpdatedAt", c."Id", c."CreatedAt", c."Description", c."Name"
      FROM (
          SELECT p."Id", p."CategoryId", p."CreatedAt", p."Description", p."ImageUrl", p."IsActive", p."Name", p."Price", p."StockQuantity", p."UpdatedAt"
          FROM "Products" AS p
          WHERE p."IsActive" AND p."CategoryId" = @__q_CategoryId_Value_0
          ORDER BY p."Name"
          LIMIT @__p_2 OFFSET @__p_1
      ) AS t
      INNER JOIN "Categories" AS c ON t."CategoryId" = c."Id"
      ORDER BY t."Name"
info: Microsoft.EntityFrameworkCore.Database.Command[20101]
      Executed DbCommand (2ms) [Parameters=[@__q_CategoryId_Value_0='?' (DbType = Guid)], CommandType='Text', CommandTimeout='30']
      SELECT count(*)::int
      FROM "Products" AS p
      WHERE p."IsActive" AND p."CategoryId" = @__q_CategoryId_Value_0
info: Microsoft.EntityFrameworkCore.Database.Command[20101]
      Executed DbCommand (1ms) [Parameters=[@__q_CategoryId_Value_0='?' (DbType = Guid), @__p_2='?' (DbType = Int32), @__p_1='?' (DbType = Int32)], CommandType='Text', CommandTimeout='30']
      SELECT t."Id", t."CategoryId", t."CreatedAt", t."Description", t."ImageUrl", t."IsActive", t."Name", t."Price", t."StockQuantity", t."UpdatedAt", c."Id", c."CreatedAt", c."Description", c."Name"
      FROM (
          SELECT p."Id", p."CategoryId", p."CreatedAt", p."Description", p."ImageUrl", p."IsActive", p."Name", p."Price", p."StockQuantity", p."UpdatedAt"
          FROM "Products" AS p
          WHERE p."IsActive" AND p."CategoryId" = @__q_CategoryId_Value_0
          ORDER BY p."Name"
          LIMIT @__p_2 OFFSET @__p_1
      ) AS t
      INNER JOIN "Categories" AS c ON t."CategoryId" = c."Id"
      ORDER BY t."Name"
info: Microsoft.EntityFrameworkCore.Database.Command[20101]
      Executed DbCommand (1ms) [Parameters=[@__q_CategoryId_Value_0='?' (DbType = Guid)], CommandType='Text', CommandTimeout='30']
      SELECT count(*)::int
      FROM "Products" AS p
      WHERE p."IsActive" AND p."CategoryId" = @__q_CategoryId_Value_0
info: Microsoft.EntityFrameworkCore.Database.Command[20101]
      Executed DbCommand (1ms) [Parameters=[@__q_CategoryId_Value_0='?' (DbType = Guid), @__p_2='?' (DbType = Int32), @__p_1='?' (DbType = Int32)], CommandType='Text', CommandTimeout='30']
      SELECT t."Id", t."CategoryId", t."CreatedAt", t."Description", t."ImageUrl", t."IsActive", t."Name", t."Price", t."StockQuantity", t."UpdatedAt", c."Id", c."CreatedAt", c."Description", c."Name"
      FROM (
          SELECT p."Id", p."CategoryId", p."CreatedAt", p."Description", p."ImageUrl", p."IsActive", p."Name", p."Price", p."StockQuantity", p."UpdatedAt"
          FROM "Products" AS p
          WHERE p."IsActive" AND p."CategoryId" = @__q_CategoryId_Value_0
          ORDER BY p."Name"
          LIMIT @__p_2 OFFSET @__p_1
      ) AS t
      INNER JOIN "Categories" AS c ON t."CategoryId" = c."Id"
      ORDER BY t."Name"
info: Microsoft.EntityFrameworkCore.Database.Command[20101]
      Executed DbCommand (7ms) [Parameters=[@__id_0='?' (DbType = Guid)], CommandType='Text', CommandTimeout='30']
      SELECT p."Id", p."CategoryId", p."CreatedAt", p."Description", p."ImageUrl", p."IsActive", p."Name", p."Price", p."StockQuantity", p."UpdatedAt", c."Id", c."CreatedAt", c."Description", c."Name"
      FROM "Products" AS p
      INNER JOIN "Categories" AS c ON p."CategoryId" = c."Id"
      WHERE p."Id" = @__id_0
      LIMIT 1
info: Microsoft.EntityFrameworkCore.Database.Command[20101]
      Executed DbCommand (1ms) [Parameters=[@__id_0='?' (DbType = Guid)], CommandType='Text', CommandTimeout='30']
      SELECT p."Id", p."CategoryId", p."CreatedAt", p."Description", p."ImageUrl", p."IsActive", p."Name", p."Price", p."StockQuantity", p."UpdatedAt", c."Id", c."CreatedAt", c."Description", c."Name"
      FROM "Products" AS p
      INNER JOIN "Categories" AS c ON p."CategoryId" = c."Id"
      WHERE p."Id" = @__id_0
      LIMIT 1
info: Microsoft.EntityFrameworkCore.Database.Command[20101]
      Executed DbCommand (3ms) [Parameters=[], CommandType='Text', CommandTimeout='30']
      SELECT c."Id", c."CreatedAt", c."Description", c."Name"
      FROM "Categories" AS c
info: Microsoft.EntityFrameworkCore.Database.Command[20101]
      Executed DbCommand (1ms) [Parameters=[], CommandType='Text', CommandTimeout='30']
      SELECT c."Id", c."CreatedAt", c."Description", c."Name"
      FROM "Categories" AS c
info: Microsoft.EntityFrameworkCore.Database.Command[20101]
      Executed DbCommand (2ms) [Parameters=[@__id_0='?' (DbType = Guid)], CommandType='Text', CommandTimeout='30']
      SELECT p."Id", p."CategoryId", p."CreatedAt", p."Description", p."ImageUrl", p."IsActive", p."Name", p."Price", p."StockQuantity", p."UpdatedAt", c."Id", c."CreatedAt", c."Description", c."Name"
      FROM "Products" AS p
      INNER JOIN "Categories" AS c ON p."CategoryId" = c."Id"
      WHERE p."Id" = @__id_0
      LIMIT 1
info: Microsoft.EntityFrameworkCore.Database.Command[20101]
      Executed DbCommand (1ms) [Parameters=[@__id_0='?' (DbType = Guid)], CommandType='Text', CommandTimeout='30']
      SELECT p."Id", p."CategoryId", p."CreatedAt", p."Description", p."ImageUrl", p."IsActive", p."Name", p."Price", p."StockQuantity", p."UpdatedAt", c."Id", c."CreatedAt", c."Description", c."Name"
      FROM "Products" AS p
      INNER JOIN "Categories" AS c ON p."CategoryId" = c."Id"
      WHERE p."Id" = @__id_0
      LIMIT 1
info: Microsoft.EntityFrameworkCore.Database.Command[20101]
      Executed DbCommand (11ms) [Parameters=[], CommandType='Text', CommandTimeout='30']
      SELECT c."Id", c."CreatedAt", c."Description", c."Name"
      FROM "Categories" AS c
info: Microsoft.EntityFrameworkCore.Database.Command[20101]
      Executed DbCommand (1ms) [Parameters=[], CommandType='Text', CommandTimeout='30']
      SELECT c."Id", c."CreatedAt", c."Description", c."Name"
      FROM "Categories" AS c
info: Microsoft.EntityFrameworkCore.Database.Command[20101]
      Executed DbCommand (42ms) [Parameters=[], CommandType='Text', CommandTimeout='30']
      SELECT c."Id", c."CreatedAt", c."Description", c."Name"
      FROM "Categories" AS c
info: Microsoft.EntityFrameworkCore.Database.Command[20101]
      Executed DbCommand (43ms) [Parameters=[], CommandType='Text', CommandTimeout='30']
      SELECT count(*)::int
      FROM "Products" AS p
      WHERE p."IsActive"
info: Microsoft.EntityFrameworkCore.Database.Command[20101]
      Executed DbCommand (1ms) [Parameters=[], CommandType='Text', CommandTimeout='30']
      SELECT c."Id", c."CreatedAt", c."Description", c."Name"
      FROM "Categories" AS c
info: Microsoft.EntityFrameworkCore.Database.Command[20101]
      Executed DbCommand (17ms) [Parameters=[@__p_1='?' (DbType = Int32), @__p_0='?' (DbType = Int32)], CommandType='Text', CommandTimeout='30']
      SELECT t."Id", t."CategoryId", t."CreatedAt", t."Description", t."ImageUrl", t."IsActive", t."Name", t."Price", t."StockQuantity", t."UpdatedAt", c."Id", c."CreatedAt", c."Description", c."Name"
      FROM (
          SELECT p."Id", p."CategoryId", p."CreatedAt", p."Description", p."ImageUrl", p."IsActive", p."Name", p."Price", p."StockQuantity", p."UpdatedAt"
          FROM "Products" AS p
          WHERE p."IsActive"
          ORDER BY p."Name"
          LIMIT @__p_1 OFFSET @__p_0
      ) AS t
      INNER JOIN "Categories" AS c ON t."CategoryId" = c."Id"
      ORDER BY t."Name"
info: Microsoft.EntityFrameworkCore.Database.Command[20101]
      Executed DbCommand (1ms) [Parameters=[], CommandType='Text', CommandTimeout='30']
      SELECT c."Id", c."CreatedAt", c."Description", c."Name"
      FROM "Categories" AS c
info: Microsoft.EntityFrameworkCore.Database.Command[20101]
      Executed DbCommand (1ms) [Parameters=[], CommandType='Text', CommandTimeout='30']
      SELECT c."Id", c."CreatedAt", c."Description", c."Name"
      FROM "Categories" AS c
info: Microsoft.EntityFrameworkCore.Database.Command[20101]
      Executed DbCommand (4ms) [Parameters=[], CommandType='Text', CommandTimeout='30']
      SELECT c."Id", c."CreatedAt", c."Description", c."Name"
      FROM "Categories" AS c
info: Microsoft.EntityFrameworkCore.Database.Command[20101]
      Executed DbCommand (2ms) [Parameters=[], CommandType='Text', CommandTimeout='30']
      SELECT c."Id", c."CreatedAt", c."Description", c."Name"
      FROM "Categories" AS c
info: Microsoft.EntityFrameworkCore.Database.Command[20101]
      Executed DbCommand (1ms) [Parameters=[], CommandType='Text', CommandTimeout='30']
      SELECT c."Id", c."CreatedAt", c."Description", c."Name"
      FROM "Categories" AS c
info: Microsoft.EntityFrameworkCore.Database.Command[20101]
      Executed DbCommand (1ms) [Parameters=[], CommandType='Text', CommandTimeout='30']
      SELECT c."Id", c."CreatedAt", c."Description", c."Name"
      FROM "Categories" AS c
info: Microsoft.EntityFrameworkCore.Database.Command[20101]
      Executed DbCommand (11ms) [Parameters=[], CommandType='Text', CommandTimeout='30']
      SELECT c."Id", c."CreatedAt", c."Description", c."Name"
      FROM "Categories" AS c
info: Microsoft.EntityFrameworkCore.Database.Command[20101]
      Executed DbCommand (5ms) [Parameters=[], CommandType='Text', CommandTimeout='30']
      SELECT c."Id", c."CreatedAt", c."Description", c."Name"
      FROM "Categories" AS c
info: Microsoft.EntityFrameworkCore.Database.Command[20101]
      Executed DbCommand (2ms) [Parameters=[], CommandType='Text', CommandTimeout='30']
      SELECT c."Id", c."CreatedAt", c."Description", c."Name"
      FROM "Categories" AS c
info: Microsoft.EntityFrameworkCore.Database.Command[20101]
      Executed DbCommand (1ms) [Parameters=[], CommandType='Text', CommandTimeout='30']
      SELECT c."Id", c."CreatedAt", c."Description", c."Name"
      FROM "Categories" AS c
info: Microsoft.EntityFrameworkCore.Database.Command[20101]
      Executed DbCommand (4ms) [Parameters=[], CommandType='Text', CommandTimeout='30']
      SELECT c."Id", c."CreatedAt", c."Description", c."Name"
      FROM "Categories" AS c
info: Microsoft.EntityFrameworkCore.Database.Command[20101]
      Executed DbCommand (1ms) [Parameters=[], CommandType='Text', CommandTimeout='30']
      SELECT c."Id", c."CreatedAt", c."Description", c."Name"
      FROM "Categories" AS c
info: Microsoft.EntityFrameworkCore.Database.Command[20101]
      Executed DbCommand (5ms) [Parameters=[], CommandType='Text', CommandTimeout='30']
      SELECT c."Id", c."CreatedAt", c."Description", c."Name"
      FROM "Categories" AS c
info: Microsoft.EntityFrameworkCore.Database.Command[20101]
      Executed DbCommand (2ms) [Parameters=[], CommandType='Text', CommandTimeout='30']
      SELECT c."Id", c."CreatedAt", c."Description", c."Name"
      FROM "Categories" AS c
info: Microsoft.EntityFrameworkCore.Database.Command[20101]
      Executed DbCommand (15ms) [Parameters=[], CommandType='Text', CommandTimeout='30']
      SELECT c."Id", c."CreatedAt", c."Description", c."Name"
      FROM "Categories" AS c
info: Microsoft.EntityFrameworkCore.Database.Command[20101]
      Executed DbCommand (2ms) [Parameters=[], CommandType='Text', CommandTimeout='30']
      SELECT c."Id", c."CreatedAt", c."Description", c."Name"
      FROM "Categories" AS c
info: Microsoft.EntityFrameworkCore.Database.Command[20101]
      Executed DbCommand (1ms) [Parameters=[], CommandType='Text', CommandTimeout='30']
      SELECT c."Id", c."CreatedAt", c."Description", c."Name"
      FROM "Categories" AS c
info: Microsoft.EntityFrameworkCore.Database.Command[20101]
      Executed DbCommand (1ms) [Parameters=[], CommandType='Text', CommandTimeout='30']
      SELECT c."Id", c."CreatedAt", c."Description", c."Name"
      FROM "Categories" AS c
info: Microsoft.EntityFrameworkCore.Database.Command[20101]
      Executed DbCommand (11ms) [Parameters=[@__q_CategoryId_Value_0='?' (DbType = Guid)], CommandType='Text', CommandTimeout='30']
      SELECT count(*)::int
      FROM "Products" AS p
      WHERE p."IsActive" AND p."CategoryId" = @__q_CategoryId_Value_0
info: Microsoft.EntityFrameworkCore.Database.Command[20101]
      Executed DbCommand (3ms) [Parameters=[@__q_CategoryId_Value_0='?' (DbType = Guid), @__p_2='?' (DbType = Int32), @__p_1='?' (DbType = Int32)], CommandType='Text', CommandTimeout='30']
      SELECT t."Id", t."CategoryId", t."CreatedAt", t."Description", t."ImageUrl", t."IsActive", t."Name", t."Price", t."StockQuantity", t."UpdatedAt", c."Id", c."CreatedAt", c."Description", c."Name"
      FROM (
          SELECT p."Id", p."CategoryId", p."CreatedAt", p."Description", p."ImageUrl", p."IsActive", p."Name", p."Price", p."StockQuantity", p."UpdatedAt"
          FROM "Products" AS p
          WHERE p."IsActive" AND p."CategoryId" = @__q_CategoryId_Value_0
          ORDER BY p."Name"
          LIMIT @__p_2 OFFSET @__p_1
      ) AS t
      INNER JOIN "Categories" AS c ON t."CategoryId" = c."Id"
      ORDER BY t."Name"
info: Microsoft.EntityFrameworkCore.Database.Command[20101]
      Executed DbCommand (2ms) [Parameters=[@__q_CategoryId_Value_0='?' (DbType = Guid)], CommandType='Text', CommandTimeout='30']
      SELECT count(*)::int
      FROM "Products" AS p
      WHERE p."IsActive" AND p."CategoryId" = @__q_CategoryId_Value_0
info: Microsoft.EntityFrameworkCore.Database.Command[20101]
      Executed DbCommand (2ms) [Parameters=[@__q_CategoryId_Value_0='?' (DbType = Guid), @__p_2='?' (DbType = Int32), @__p_1='?' (DbType = Int32)], CommandType='Text', CommandTimeout='30']
      SELECT t."Id", t."CategoryId", t."CreatedAt", t."Description", t."ImageUrl", t."IsActive", t."Name", t."Price", t."StockQuantity", t."UpdatedAt", c."Id", c."CreatedAt", c."Description", c."Name"
      FROM (
          SELECT p."Id", p."CategoryId", p."CreatedAt", p."Description", p."ImageUrl", p."IsActive", p."Name", p."Price", p."StockQuantity", p."UpdatedAt"
          FROM "Products" AS p
          WHERE p."IsActive" AND p."CategoryId" = @__q_CategoryId_Value_0
          ORDER BY p."Name"
          LIMIT @__p_2 OFFSET @__p_1
      ) AS t
      INNER JOIN "Categories" AS c ON t."CategoryId" = c."Id"
      ORDER BY t."Name"
info: Microsoft.EntityFrameworkCore.Database.Command[20101]
      Executed DbCommand (2ms) [Parameters=[@__q_CategoryId_Value_0='?' (DbType = Guid)], CommandType='Text', CommandTimeout='30']
      SELECT count(*)::int
      FROM "Products" AS p
      WHERE p."IsActive" AND p."CategoryId" = @__q_CategoryId_Value_0
info: Microsoft.EntityFrameworkCore.Database.Command[20101]
      Executed DbCommand (2ms) [Parameters=[@__q_CategoryId_Value_0='?' (DbType = Guid), @__p_2='?' (DbType = Int32), @__p_1='?' (DbType = Int32)], CommandType='Text', CommandTimeout='30']
      SELECT t."Id", t."CategoryId", t."CreatedAt", t."Description", t."ImageUrl", t."IsActive", t."Name", t."Price", t."StockQuantity", t."UpdatedAt", c."Id", c."CreatedAt", c."Description", c."Name"
      FROM (
          SELECT p."Id", p."CategoryId", p."CreatedAt", p."Description", p."ImageUrl", p."IsActive", p."Name", p."Price", p."StockQuantity", p."UpdatedAt"
          FROM "Products" AS p
          WHERE p."IsActive" AND p."CategoryId" = @__q_CategoryId_Value_0
          ORDER BY p."Name"
          LIMIT @__p_2 OFFSET @__p_1
      ) AS t
      INNER JOIN "Categories" AS c ON t."CategoryId" = c."Id"
      ORDER BY t."Name"
info: Microsoft.EntityFrameworkCore.Database.Command[20101]
      Executed DbCommand (1ms) [Parameters=[@__q_CategoryId_Value_0='?' (DbType = Guid)], CommandType='Text', CommandTimeout='30']
      SELECT count(*)::int
      FROM "Products" AS p
      WHERE p."IsActive" AND p."CategoryId" = @__q_CategoryId_Value_0
info: Microsoft.EntityFrameworkCore.Database.Command[20101]
      Executed DbCommand (1ms) [Parameters=[@__q_CategoryId_Value_0='?' (DbType = Guid), @__p_2='?' (DbType = Int32), @__p_1='?' (DbType = Int32)], CommandType='Text', CommandTimeout='30']
      SELECT t."Id", t."CategoryId", t."CreatedAt", t."Description", t."ImageUrl", t."IsActive", t."Name", t."Price", t."StockQuantity", t."UpdatedAt", c."Id", c."CreatedAt", c."Description", c."Name"
      FROM (
          SELECT p."Id", p."CategoryId", p."CreatedAt", p."Description", p."ImageUrl", p."IsActive", p."Name", p."Price", p."StockQuantity", p."UpdatedAt"
          FROM "Products" AS p
          WHERE p."IsActive" AND p."CategoryId" = @__q_CategoryId_Value_0
          ORDER BY p."Name"
          LIMIT @__p_2 OFFSET @__p_1
      ) AS t
      INNER JOIN "Categories" AS c ON t."CategoryId" = c."Id"
      ORDER BY t."Name"
info: Microsoft.EntityFrameworkCore.Database.Command[20101]
      Executed DbCommand (1ms) [Parameters=[@__q_CategoryId_Value_0='?' (DbType = Guid)], CommandType='Text', CommandTimeout='30']
      SELECT count(*)::int
      FROM "Products" AS p
      WHERE p."IsActive" AND p."CategoryId" = @__q_CategoryId_Value_0
info: Microsoft.EntityFrameworkCore.Database.Command[20101]
      Executed DbCommand (1ms) [Parameters=[@__q_CategoryId_Value_0='?' (DbType = Guid), @__p_2='?' (DbType = Int32), @__p_1='?' (DbType = Int32)], CommandType='Text', CommandTimeout='30']
      SELECT t."Id", t."CategoryId", t."CreatedAt", t."Description", t."ImageUrl", t."IsActive", t."Name", t."Price", t."StockQuantity", t."UpdatedAt", c."Id", c."CreatedAt", c."Description", c."Name"
      FROM (
          SELECT p."Id", p."CategoryId", p."CreatedAt", p."Description", p."ImageUrl", p."IsActive", p."Name", p."Price", p."StockQuantity", p."UpdatedAt"
          FROM "Products" AS p
          WHERE p."IsActive" AND p."CategoryId" = @__q_CategoryId_Value_0
          ORDER BY p."Name"
          LIMIT @__p_2 OFFSET @__p_1
      ) AS t
      INNER JOIN "Categories" AS c ON t."CategoryId" = c."Id"
      ORDER BY t."Name"
info: Microsoft.EntityFrameworkCore.Database.Command[20101]
      Executed DbCommand (6ms) [Parameters=[], CommandType='Text', CommandTimeout='30']
      SELECT c."Id", c."CreatedAt", c."Description", c."Name"
      FROM "Categories" AS c
info: Microsoft.EntityFrameworkCore.Database.Command[20101]
      Executed DbCommand (2ms) [Parameters=[], CommandType='Text', CommandTimeout='30']
      SELECT c."Id", c."CreatedAt", c."Description", c."Name"
      FROM "Categories" AS c
info: Microsoft.EntityFrameworkCore.Database.Command[20101]
      Executed DbCommand (1ms) [Parameters=[], CommandType='Text', CommandTimeout='30']
      SELECT c."Id", c."CreatedAt", c."Description", c."Name"
      FROM "Categories" AS c
info: Microsoft.EntityFrameworkCore.Database.Command[20101]
      Executed DbCommand (1ms) [Parameters=[], CommandType='Text', CommandTimeout='30']
      SELECT c."Id", c."CreatedAt", c."Description", c."Name"
      FROM "Categories" AS c
info: Microsoft.EntityFrameworkCore.Database.Command[20101]
      Executed DbCommand (12ms) [Parameters=[@__q_Search_0_contains='?', @__q_Search_0_contains_1='?'], CommandType='Text', CommandTimeout='30']
      SELECT count(*)::int
      FROM "Products" AS p
      WHERE p."IsActive" AND (p."Name" LIKE @__q_Search_0_contains OR (p."Description" IS NOT NULL AND p."Description" LIKE @__q_Search_0_contains_1))
info: Microsoft.EntityFrameworkCore.Database.Command[20101]
      Executed DbCommand (4ms) [Parameters=[@__q_Search_0_contains='?', @__q_Search_0_contains_1='?', @__p_2='?' (DbType = Int32), @__p_1='?' (DbType = Int32)], CommandType='Text', CommandTimeout='30']
      SELECT t."Id", t."CategoryId", t."CreatedAt", t."Description", t."ImageUrl", t."IsActive", t."Name", t."Price", t."StockQuantity", t."UpdatedAt", c."Id", c."CreatedAt", c."Description", c."Name"
      FROM (
          SELECT p."Id", p."CategoryId", p."CreatedAt", p."Description", p."ImageUrl", p."IsActive", p."Name", p."Price", p."StockQuantity", p."UpdatedAt"
          FROM "Products" AS p
          WHERE p."IsActive" AND (p."Name" LIKE @__q_Search_0_contains OR (p."Description" IS NOT NULL AND p."Description" LIKE @__q_Search_0_contains_1))
          ORDER BY p."Name"
          LIMIT @__p_2 OFFSET @__p_1
      ) AS t
      INNER JOIN "Categories" AS c ON t."CategoryId" = c."Id"
      ORDER BY t."Name"
info: Microsoft.EntityFrameworkCore.Database.Command[20101]
      Executed DbCommand (5ms) [Parameters=[@__q_Search_0_contains='?', @__q_Search_0_contains_1='?'], CommandType='Text', CommandTimeout='30']
      SELECT count(*)::int
      FROM "Products" AS p
      WHERE p."IsActive" AND (p."Name" LIKE @__q_Search_0_contains OR (p."Description" IS NOT NULL AND p."Description" LIKE @__q_Search_0_contains_1))
info: Microsoft.EntityFrameworkCore.Database.Command[20101]
      Executed DbCommand (3ms) [Parameters=[@__q_Search_0_contains='?', @__q_Search_0_contains_1='?', @__p_2='?' (DbType = Int32), @__p_1='?' (DbType = Int32)], CommandType='Text', CommandTimeout='30']
      SELECT t."Id", t."CategoryId", t."CreatedAt", t."Description", t."ImageUrl", t."IsActive", t."Name", t."Price", t."StockQuantity", t."UpdatedAt", c."Id", c."CreatedAt", c."Description", c."Name"
      FROM (
          SELECT p."Id", p."CategoryId", p."CreatedAt", p."Description", p."ImageUrl", p."IsActive", p."Name", p."Price", p."StockQuantity", p."UpdatedAt"
          FROM "Products" AS p
          WHERE p."IsActive" AND (p."Name" LIKE @__q_Search_0_contains OR (p."Description" IS NOT NULL AND p."Description" LIKE @__q_Search_0_contains_1))
          ORDER BY p."Name"
          LIMIT @__p_2 OFFSET @__p_1
      ) AS t
      INNER JOIN "Categories" AS c ON t."CategoryId" = c."Id"
      ORDER BY t."Name"
info: Microsoft.EntityFrameworkCore.Database.Command[20101]
      Executed DbCommand (10ms) [Parameters=[@__q_Search_0_contains='?', @__q_Search_0_contains_1='?'], CommandType='Text', CommandTimeout='30']
      SELECT count(*)::int
      FROM "Products" AS p
      WHERE p."IsActive" AND (p."Name" LIKE @__q_Search_0_contains OR (p."Description" IS NOT NULL AND p."Description" LIKE @__q_Search_0_contains_1))
info: Microsoft.EntityFrameworkCore.Database.Command[20101]
      Executed DbCommand (3ms) [Parameters=[@__q_Search_0_contains='?', @__q_Search_0_contains_1='?', @__p_2='?' (DbType = Int32), @__p_1='?' (DbType = Int32)], CommandType='Text', CommandTimeout='30']
      SELECT t."Id", t."CategoryId", t."CreatedAt", t."Description", t."ImageUrl", t."IsActive", t."Name", t."Price", t."StockQuantity", t."UpdatedAt", c."Id", c."CreatedAt", c."Description", c."Name"
      FROM (
          SELECT p."Id", p."CategoryId", p."CreatedAt", p."Description", p."ImageUrl", p."IsActive", p."Name", p."Price", p."StockQuantity", p."UpdatedAt"
          FROM "Products" AS p
          WHERE p."IsActive" AND (p."Name" LIKE @__q_Search_0_contains OR (p."Description" IS NOT NULL AND p."Description" LIKE @__q_Search_0_contains_1))
          ORDER BY p."Name"
          LIMIT @__p_2 OFFSET @__p_1
      ) AS t
      INNER JOIN "Categories" AS c ON t."CategoryId" = c."Id"
      ORDER BY t."Name"
info: Microsoft.EntityFrameworkCore.Database.Command[20101]
      Executed DbCommand (5ms) [Parameters=[@__q_CategoryId_Value_0='?' (DbType = Guid), @__q_Search_1_contains='?', @__q_Search_1_contains_1='?'], CommandType='Text', CommandTimeout='30']
      SELECT count(*)::int
      FROM "Products" AS p
      WHERE p."IsActive" AND p."CategoryId" = @__q_CategoryId_Value_0 AND (p."Name" LIKE @__q_Search_1_contains OR (p."Description" IS NOT NULL AND p."Description" LIKE @__q_Search_1_contains_1))
info: Microsoft.EntityFrameworkCore.Database.Command[20101]
      Executed DbCommand (4ms) [Parameters=[@__q_CategoryId_Value_0='?' (DbType = Guid), @__q_Search_1_contains='?', @__q_Search_1_contains_1='?', @__p_3='?' (DbType = Int32), @__p_2='?' (DbType = Int32)], CommandType='Text', CommandTimeout='30']
      SELECT t."Id", t."CategoryId", t."CreatedAt", t."Description", t."ImageUrl", t."IsActive", t."Name", t."Price", t."StockQuantity", t."UpdatedAt", c."Id", c."CreatedAt", c."Description", c."Name"
      FROM (
          SELECT p."Id", p."CategoryId", p."CreatedAt", p."Description", p."ImageUrl", p."IsActive", p."Name", p."Price", p."StockQuantity", p."UpdatedAt"
          FROM "Products" AS p
          WHERE p."IsActive" AND p."CategoryId" = @__q_CategoryId_Value_0 AND (p."Name" LIKE @__q_Search_1_contains OR (p."Description" IS NOT NULL AND p."Description" LIKE @__q_Search_1_contains_1))
          ORDER BY p."Name"
          LIMIT @__p_3 OFFSET @__p_2
      ) AS t
      INNER JOIN "Categories" AS c ON t."CategoryId" = c."Id"
      ORDER BY t."Name"
info: Microsoft.EntityFrameworkCore.Database.Command[20101]
      Executed DbCommand (3ms) [Parameters=[@__q_Search_0_contains='?', @__q_Search_0_contains_1='?'], CommandType='Text', CommandTimeout='30']
      SELECT count(*)::int
      FROM "Products" AS p
      WHERE p."IsActive" AND (p."Name" LIKE @__q_Search_0_contains OR (p."Description" IS NOT NULL AND p."Description" LIKE @__q_Search_0_contains_1))
info: Microsoft.EntityFrameworkCore.Database.Command[20101]
      Executed DbCommand (5ms) [Parameters=[@__q_Search_0_contains='?', @__q_Search_0_contains_1='?', @__p_2='?' (DbType = Int32), @__p_1='?' (DbType = Int32)], CommandType='Text', CommandTimeout='30']
      SELECT t."Id", t."CategoryId", t."CreatedAt", t."Description", t."ImageUrl", t."IsActive", t."Name", t."Price", t."StockQuantity", t."UpdatedAt", c."Id", c."CreatedAt", c."Description", c."Name"
      FROM (
          SELECT p."Id", p."CategoryId", p."CreatedAt", p."Description", p."ImageUrl", p."IsActive", p."Name", p."Price", p."StockQuantity", p."UpdatedAt"
          FROM "Products" AS p
          WHERE p."IsActive" AND (p."Name" LIKE @__q_Search_0_contains OR (p."Description" IS NOT NULL AND p."Description" LIKE @__q_Search_0_contains_1))
          ORDER BY p."Name"
          LIMIT @__p_2 OFFSET @__p_1
      ) AS t
      INNER JOIN "Categories" AS c ON t."CategoryId" = c."Id"
      ORDER BY t."Name"
info: Microsoft.EntityFrameworkCore.Database.Command[20101]
      Executed DbCommand (2ms) [Parameters=[], CommandType='Text', CommandTimeout='30']
      SELECT c."Id", c."CreatedAt", c."Description", c."Name"
      FROM "Categories" AS c
info: Microsoft.EntityFrameworkCore.Database.Command[20101]
      Executed DbCommand (3ms) [Parameters=[], CommandType='Text', CommandTimeout='30']
      SELECT c."Id", c."CreatedAt", c."Description", c."Name"
      FROM "Categories" AS c
info: Microsoft.EntityFrameworkCore.Database.Command[20101]
      Executed DbCommand (3ms) [Parameters=[], CommandType='Text', CommandTimeout='30']
      SELECT c."Id", c."CreatedAt", c."Description", c."Name"
      FROM "Categories" AS c
info: Microsoft.EntityFrameworkCore.Database.Command[20101]
      Executed DbCommand (5ms) [Parameters=[], CommandType='Text', CommandTimeout='30']
      SELECT c."Id", c."CreatedAt", c."Description", c."Name"
      FROM "Categories" AS c
info: Microsoft.EntityFrameworkCore.Database.Command[20101]
      Executed DbCommand (4ms) [Parameters=[@__q_CategoryId_Value_0='?' (DbType = Guid)], CommandType='Text', CommandTimeout='30']
      SELECT count(*)::int
      FROM "Products" AS p
      WHERE p."IsActive" AND p."CategoryId" = @__q_CategoryId_Value_0
info: Microsoft.EntityFrameworkCore.Database.Command[20101]
      Executed DbCommand (3ms) [Parameters=[@__q_CategoryId_Value_0='?' (DbType = Guid), @__p_2='?' (DbType = Int32), @__p_1='?' (DbType = Int32)], CommandType='Text', CommandTimeout='30']
      SELECT t."Id", t."CategoryId", t."CreatedAt", t."Description", t."ImageUrl", t."IsActive", t."Name", t."Price", t."StockQuantity", t."UpdatedAt", c."Id", c."CreatedAt", c."Description", c."Name"
      FROM (
          SELECT p."Id", p."CategoryId", p."CreatedAt", p."Description", p."ImageUrl", p."IsActive", p."Name", p."Price", p."StockQuantity", p."UpdatedAt"
          FROM "Products" AS p
          WHERE p."IsActive" AND p."CategoryId" = @__q_CategoryId_Value_0
          ORDER BY p."Name"
          LIMIT @__p_2 OFFSET @__p_1
      ) AS t
      INNER JOIN "Categories" AS c ON t."CategoryId" = c."Id"
      ORDER BY t."Name"
info: Microsoft.EntityFrameworkCore.Database.Command[20101]
      Executed DbCommand (3ms) [Parameters=[@__q_CategoryId_Value_0='?' (DbType = Guid)], CommandType='Text', CommandTimeout='30']
      SELECT count(*)::int
      FROM "Products" AS p
      WHERE p."IsActive" AND p."CategoryId" = @__q_CategoryId_Value_0
info: Microsoft.EntityFrameworkCore.Database.Command[20101]
      Executed DbCommand (2ms) [Parameters=[@__q_CategoryId_Value_0='?' (DbType = Guid), @__p_2='?' (DbType = Int32), @__p_1='?' (DbType = Int32)], CommandType='Text', CommandTimeout='30']
      SELECT t."Id", t."CategoryId", t."CreatedAt", t."Description", t."ImageUrl", t."IsActive", t."Name", t."Price", t."StockQuantity", t."UpdatedAt", c."Id", c."CreatedAt", c."Description", c."Name"
      FROM (
          SELECT p."Id", p."CategoryId", p."CreatedAt", p."Description", p."ImageUrl", p."IsActive", p."Name", p."Price", p."StockQuantity", p."UpdatedAt"
          FROM "Products" AS p
          WHERE p."IsActive" AND p."CategoryId" = @__q_CategoryId_Value_0
          ORDER BY p."Name"
          LIMIT @__p_2 OFFSET @__p_1
      ) AS t
      INNER JOIN "Categories" AS c ON t."CategoryId" = c."Id"
      ORDER BY t."Name"
info: Microsoft.EntityFrameworkCore.Database.Command[20101]
      Executed DbCommand (1ms) [Parameters=[@__q_CategoryId_Value_0='?' (DbType = Guid)], CommandType='Text', CommandTimeout='30']
      SELECT count(*)::int
      FROM "Products" AS p
      WHERE p."IsActive" AND p."CategoryId" = @__q_CategoryId_Value_0
info: Microsoft.EntityFrameworkCore.Database.Command[20101]
      Executed DbCommand (1ms) [Parameters=[@__q_CategoryId_Value_0='?' (DbType = Guid), @__p_2='?' (DbType = Int32), @__p_1='?' (DbType = Int32)], CommandType='Text', CommandTimeout='30']
      SELECT t."Id", t."CategoryId", t."CreatedAt", t."Description", t."ImageUrl", t."IsActive", t."Name", t."Price", t."StockQuantity", t."UpdatedAt", c."Id", c."CreatedAt", c."Description", c."Name"
      FROM (
          SELECT p."Id", p."CategoryId", p."CreatedAt", p."Description", p."ImageUrl", p."IsActive", p."Name", p."Price", p."StockQuantity", p."UpdatedAt"
          FROM "Products" AS p
          WHERE p."IsActive" AND p."CategoryId" = @__q_CategoryId_Value_0
          ORDER BY p."Name"
          LIMIT @__p_2 OFFSET @__p_1
      ) AS t
      INNER JOIN "Categories" AS c ON t."CategoryId" = c."Id"
      ORDER BY t."Name"
info: Microsoft.EntityFrameworkCore.Database.Command[20101]
      Executed DbCommand (1ms) [Parameters=[@__q_CategoryId_Value_0='?' (DbType = Guid)], CommandType='Text', CommandTimeout='30']
      SELECT count(*)::int
      FROM "Products" AS p
      WHERE p."IsActive" AND p."CategoryId" = @__q_CategoryId_Value_0
info: Microsoft.EntityFrameworkCore.Database.Command[20101]
      Executed DbCommand (1ms) [Parameters=[@__q_CategoryId_Value_0='?' (DbType = Guid), @__p_2='?' (DbType = Int32), @__p_1='?' (DbType = Int32)], CommandType='Text', CommandTimeout='30']
      SELECT t."Id", t."CategoryId", t."CreatedAt", t."Description", t."ImageUrl", t."IsActive", t."Name", t."Price", t."StockQuantity", t."UpdatedAt", c."Id", c."CreatedAt", c."Description", c."Name"
      FROM (
          SELECT p."Id", p."CategoryId", p."CreatedAt", p."Description", p."ImageUrl", p."IsActive", p."Name", p."Price", p."StockQuantity", p."UpdatedAt"
          FROM "Products" AS p
          WHERE p."IsActive" AND p."CategoryId" = @__q_CategoryId_Value_0
          ORDER BY p."Name"
          LIMIT @__p_2 OFFSET @__p_1
      ) AS t
      INNER JOIN "Categories" AS c ON t."CategoryId" = c."Id"
      ORDER BY t."Name"
info: Microsoft.EntityFrameworkCore.Database.Command[20101]
      Executed DbCommand (6ms) [Parameters=[@__q_CategoryId_Value_0='?' (DbType = Guid)], CommandType='Text', CommandTimeout='30']
      SELECT count(*)::int
      FROM "Products" AS p
      WHERE p."IsActive" AND p."CategoryId" = @__q_CategoryId_Value_0
info: Microsoft.EntityFrameworkCore.Database.Command[20101]
      Executed DbCommand (2ms) [Parameters=[@__q_CategoryId_Value_0='?' (DbType = Guid), @__p_2='?' (DbType = Int32), @__p_1='?' (DbType = Int32)], CommandType='Text', CommandTimeout='30']
      SELECT t."Id", t."CategoryId", t."CreatedAt", t."Description", t."ImageUrl", t."IsActive", t."Name", t."Price", t."StockQuantity", t."UpdatedAt", c."Id", c."CreatedAt", c."Description", c."Name"
      FROM (
          SELECT p."Id", p."CategoryId", p."CreatedAt", p."Description", p."ImageUrl", p."IsActive", p."Name", p."Price", p."StockQuantity", p."UpdatedAt"
          FROM "Products" AS p
          WHERE p."IsActive" AND p."CategoryId" = @__q_CategoryId_Value_0
          ORDER BY p."Name"
          LIMIT @__p_2 OFFSET @__p_1
      ) AS t
      INNER JOIN "Categories" AS c ON t."CategoryId" = c."Id"
      ORDER BY t."Name"
info: Microsoft.EntityFrameworkCore.Database.Command[20101]
      Executed DbCommand (5ms) [Parameters=[@__q_CategoryId_Value_0='?' (DbType = Guid), @__q_Search_1_contains='?', @__q_Search_1_contains_1='?'], CommandType='Text', CommandTimeout='30']
      SELECT count(*)::int
      FROM "Products" AS p
      WHERE p."IsActive" AND p."CategoryId" = @__q_CategoryId_Value_0 AND (p."Name" LIKE @__q_Search_1_contains OR (p."Description" IS NOT NULL AND p."Description" LIKE @__q_Search_1_contains_1))
info: Microsoft.EntityFrameworkCore.Database.Command[20101]
      Executed DbCommand (3ms) [Parameters=[@__q_CategoryId_Value_0='?' (DbType = Guid), @__q_Search_1_contains='?', @__q_Search_1_contains_1='?', @__p_3='?' (DbType = Int32), @__p_2='?' (DbType = Int32)], CommandType='Text', CommandTimeout='30']
      SELECT t."Id", t."CategoryId", t."CreatedAt", t."Description", t."ImageUrl", t."IsActive", t."Name", t."Price", t."StockQuantity", t."UpdatedAt", c."Id", c."CreatedAt", c."Description", c."Name"
      FROM (
          SELECT p."Id", p."CategoryId", p."CreatedAt", p."Description", p."ImageUrl", p."IsActive", p."Name", p."Price", p."StockQuantity", p."UpdatedAt"
          FROM "Products" AS p
          WHERE p."IsActive" AND p."CategoryId" = @__q_CategoryId_Value_0 AND (p."Name" LIKE @__q_Search_1_contains OR (p."Description" IS NOT NULL AND p."Description" LIKE @__q_Search_1_contains_1))
          ORDER BY p."Name"
          LIMIT @__p_3 OFFSET @__p_2
      ) AS t
      INNER JOIN "Categories" AS c ON t."CategoryId" = c."Id"
      ORDER BY t."Name"
info: Microsoft.EntityFrameworkCore.Database.Command[20101]
      Executed DbCommand (5ms) [Parameters=[@__q_CategoryId_Value_0='?' (DbType = Guid), @__q_Search_1_contains='?', @__q_Search_1_contains_1='?'], CommandType='Text', CommandTimeout='30']
      SELECT count(*)::int
      FROM "Products" AS p
      WHERE p."IsActive" AND p."CategoryId" = @__q_CategoryId_Value_0 AND (p."Name" LIKE @__q_Search_1_contains OR (p."Description" IS NOT NULL AND p."Description" LIKE @__q_Search_1_contains_1))
info: Microsoft.EntityFrameworkCore.Database.Command[20101]
      Executed DbCommand (5ms) [Parameters=[@__q_CategoryId_Value_0='?' (DbType = Guid), @__q_Search_1_contains='?', @__q_Search_1_contains_1='?', @__p_3='?' (DbType = Int32), @__p_2='?' (DbType = Int32)], CommandType='Text', CommandTimeout='30']
      SELECT t."Id", t."CategoryId", t."CreatedAt", t."Description", t."ImageUrl", t."IsActive", t."Name", t."Price", t."StockQuantity", t."UpdatedAt", c."Id", c."CreatedAt", c."Description", c."Name"
      FROM (
          SELECT p."Id", p."CategoryId", p."CreatedAt", p."Description", p."ImageUrl", p."IsActive", p."Name", p."Price", p."StockQuantity", p."UpdatedAt"
          FROM "Products" AS p
          WHERE p."IsActive" AND p."CategoryId" = @__q_CategoryId_Value_0 AND (p."Name" LIKE @__q_Search_1_contains OR (p."Description" IS NOT NULL AND p."Description" LIKE @__q_Search_1_contains_1))
          ORDER BY p."Name"
          LIMIT @__p_3 OFFSET @__p_2
      ) AS t
      INNER JOIN "Categories" AS c ON t."CategoryId" = c."Id"
      ORDER BY t."Name"
info: Microsoft.EntityFrameworkCore.Database.Command[20101]
      Executed DbCommand (1ms) [Parameters=[@__q_CategoryId_Value_0='?' (DbType = Guid), @__q_Search_1_contains='?', @__q_Search_1_contains_1='?'], CommandType='Text', CommandTimeout='30']
      SELECT count(*)::int
      FROM "Products" AS p
      WHERE p."IsActive" AND p."CategoryId" = @__q_CategoryId_Value_0 AND (p."Name" LIKE @__q_Search_1_contains OR (p."Description" IS NOT NULL AND p."Description" LIKE @__q_Search_1_contains_1))
info: Microsoft.EntityFrameworkCore.Database.Command[20101]
      Executed DbCommand (1ms) [Parameters=[@__q_CategoryId_Value_0='?' (DbType = Guid), @__q_Search_1_contains='?', @__q_Search_1_contains_1='?', @__p_3='?' (DbType = Int32), @__p_2='?' (DbType = Int32)], CommandType='Text', CommandTimeout='30']
      SELECT t."Id", t."CategoryId", t."CreatedAt", t."Description", t."ImageUrl", t."IsActive", t."Name", t."Price", t."StockQuantity", t."UpdatedAt", c."Id", c."CreatedAt", c."Description", c."Name"
      FROM (
          SELECT p."Id", p."CategoryId", p."CreatedAt", p."Description", p."ImageUrl", p."IsActive", p."Name", p."Price", p."StockQuantity", p."UpdatedAt"
          FROM "Products" AS p
          WHERE p."IsActive" AND p."CategoryId" = @__q_CategoryId_Value_0 AND (p."Name" LIKE @__q_Search_1_contains OR (p."Description" IS NOT NULL AND p."Description" LIKE @__q_Search_1_contains_1))
          ORDER BY p."Name"
          LIMIT @__p_3 OFFSET @__p_2
      ) AS t
      INNER JOIN "Categories" AS c ON t."CategoryId" = c."Id"
      ORDER BY t."Name"
info: Microsoft.EntityFrameworkCore.Database.Command[20101]
      Executed DbCommand (2ms) [Parameters=[@__q_CategoryId_Value_0='?' (DbType = Guid), @__q_Search_1_contains='?', @__q_Search_1_contains_1='?'], CommandType='Text', CommandTimeout='30']
      SELECT count(*)::int
      FROM "Products" AS p
      WHERE p."IsActive" AND p."CategoryId" = @__q_CategoryId_Value_0 AND (p."Name" LIKE @__q_Search_1_contains OR (p."Description" IS NOT NULL AND p."Description" LIKE @__q_Search_1_contains_1))
info: Microsoft.EntityFrameworkCore.Database.Command[20101]
      Executed DbCommand (2ms) [Parameters=[@__q_CategoryId_Value_0='?' (DbType = Guid), @__q_Search_1_contains='?', @__q_Search_1_contains_1='?', @__p_3='?' (DbType = Int32), @__p_2='?' (DbType = Int32)], CommandType='Text', CommandTimeout='30']
      SELECT t."Id", t."CategoryId", t."CreatedAt", t."Description", t."ImageUrl", t."IsActive", t."Name", t."Price", t."StockQuantity", t."UpdatedAt", c."Id", c."CreatedAt", c."Description", c."Name"
      FROM (
          SELECT p."Id", p."CategoryId", p."CreatedAt", p."Description", p."ImageUrl", p."IsActive", p."Name", p."Price", p."StockQuantity", p."UpdatedAt"
          FROM "Products" AS p
          WHERE p."IsActive" AND p."CategoryId" = @__q_CategoryId_Value_0 AND (p."Name" LIKE @__q_Search_1_contains OR (p."Description" IS NOT NULL AND p."Description" LIKE @__q_Search_1_contains_1))
          ORDER BY p."Name"
          LIMIT @__p_3 OFFSET @__p_2
      ) AS t
      INNER JOIN "Categories" AS c ON t."CategoryId" = c."Id"
      ORDER BY t."Name"
info: Microsoft.EntityFrameworkCore.Database.Command[20101]
      Executed DbCommand (1ms) [Parameters=[@__q_CategoryId_Value_0='?' (DbType = Guid), @__q_Search_1_contains='?', @__q_Search_1_contains_1='?'], CommandType='Text', CommandTimeout='30']
      SELECT count(*)::int
      FROM "Products" AS p
      WHERE p."IsActive" AND p."CategoryId" = @__q_CategoryId_Value_0 AND (p."Name" LIKE @__q_Search_1_contains OR (p."Description" IS NOT NULL AND p."Description" LIKE @__q_Search_1_contains_1))
info: Microsoft.EntityFrameworkCore.Database.Command[20101]
      Executed DbCommand (1ms) [Parameters=[@__q_CategoryId_Value_0='?' (DbType = Guid), @__q_Search_1_contains='?', @__q_Search_1_contains_1='?', @__p_3='?' (DbType = Int32), @__p_2='?' (DbType = Int32)], CommandType='Text', CommandTimeout='30']
      SELECT t."Id", t."CategoryId", t."CreatedAt", t."Description", t."ImageUrl", t."IsActive", t."Name", t."Price", t."StockQuantity", t."UpdatedAt", c."Id", c."CreatedAt", c."Description", c."Name"
      FROM (
          SELECT p."Id", p."CategoryId", p."CreatedAt", p."Description", p."ImageUrl", p."IsActive", p."Name", p."Price", p."StockQuantity", p."UpdatedAt"
          FROM "Products" AS p
          WHERE p."IsActive" AND p."CategoryId" = @__q_CategoryId_Value_0 AND (p."Name" LIKE @__q_Search_1_contains OR (p."Description" IS NOT NULL AND p."Description" LIKE @__q_Search_1_contains_1))
          ORDER BY p."Name"
          LIMIT @__p_3 OFFSET @__p_2
      ) AS t
      INNER JOIN "Categories" AS c ON t."CategoryId" = c."Id"
      ORDER BY t."Name"
info: Microsoft.EntityFrameworkCore.Database.Command[20101]
      Executed DbCommand (17ms) [Parameters=[], CommandType='Text', CommandTimeout='30']
      SELECT c."Id", c."CreatedAt", c."Description", c."Name"
      FROM "Categories" AS c
info: Microsoft.EntityFrameworkCore.Database.Command[20101]
      Executed DbCommand (2ms) [Parameters=[], CommandType='Text', CommandTimeout='30']
      SELECT c."Id", c."CreatedAt", c."Description", c."Name"
      FROM "Categories" AS c
info: Microsoft.EntityFrameworkCore.Database.Command[20101]
      Executed DbCommand (1ms) [Parameters=[], CommandType='Text', CommandTimeout='30']
      SELECT c."Id", c."CreatedAt", c."Description", c."Name"
      FROM "Categories" AS c
info: Microsoft.EntityFrameworkCore.Database.Command[20101]
      Executed DbCommand (3ms) [Parameters=[], CommandType='Text', CommandTimeout='30']
      SELECT c."Id", c."CreatedAt", c."Description", c."Name"
      FROM "Categories" AS c
info: Microsoft.EntityFrameworkCore.Database.Command[20101]
      Executed DbCommand (8ms) [Parameters=[@__id_0='?' (DbType = Guid)], CommandType='Text', CommandTimeout='30']
      SELECT p."Id", p."CategoryId", p."CreatedAt", p."Description", p."ImageUrl", p."IsActive", p."Name", p."Price", p."StockQuantity", p."UpdatedAt", c."Id", c."CreatedAt", c."Description", c."Name"
      FROM "Products" AS p
      INNER JOIN "Categories" AS c ON p."CategoryId" = c."Id"
      WHERE p."Id" = @__id_0
      LIMIT 1
info: Microsoft.EntityFrameworkCore.Database.Command[20101]
      Executed DbCommand (1ms) [Parameters=[@__id_0='?' (DbType = Guid)], CommandType='Text', CommandTimeout='30']
      SELECT p."Id", p."CategoryId", p."CreatedAt", p."Description", p."ImageUrl", p."IsActive", p."Name", p."Price", p."StockQuantity", p."UpdatedAt", c."Id", c."CreatedAt", c."Description", c."Name"
      FROM "Products" AS p
      INNER JOIN "Categories" AS c ON p."CategoryId" = c."Id"
      WHERE p."Id" = @__id_0
      LIMIT 1
info: Microsoft.EntityFrameworkCore.Database.Command[20101]
      Executed DbCommand (4ms) [Parameters=[], CommandType='Text', CommandTimeout='30']
      SELECT c."Id", c."CreatedAt", c."Description", c."Name"
      FROM "Categories" AS c
info: Microsoft.EntityFrameworkCore.Database.Command[20101]
      Executed DbCommand (1ms) [Parameters=[], CommandType='Text', CommandTimeout='30']
      SELECT c."Id", c."CreatedAt", c."Description", c."Name"
      FROM "Categories" AS c
info: Microsoft.EntityFrameworkCore.Database.Command[20101]
      Executed DbCommand (2ms) [Parameters=[], CommandType='Text', CommandTimeout='30']
      SELECT c."Id", c."CreatedAt", c."Description", c."Name"
      FROM "Categories" AS c
info: Microsoft.EntityFrameworkCore.Database.Command[20101]
      Executed DbCommand (1ms) [Parameters=[], CommandType='Text', CommandTimeout='30']
      SELECT c."Id", c."CreatedAt", c."Description", c."Name"
      FROM "Categories" AS c
info: Microsoft.EntityFrameworkCore.Database.Command[20101]
      Executed DbCommand (2ms) [Parameters=[], CommandType='Text', CommandTimeout='30']
      SELECT c."Id", c."CreatedAt", c."Description", c."Name"
      FROM "Categories" AS c
info: Microsoft.EntityFrameworkCore.Database.Command[20101]
      Executed DbCommand (3ms) [Parameters=[], CommandType='Text', CommandTimeout='30']
      SELECT c."Id", c."CreatedAt", c."Description", c."Name"
      FROM "Categories" AS c
info: Microsoft.EntityFrameworkCore.Database.Command[20101]
      Executed DbCommand (1ms) [Parameters=[], CommandType='Text', CommandTimeout='30']
      SELECT c."Id", c."CreatedAt", c."Description", c."Name"
      FROM "Categories" AS c
info: Microsoft.EntityFrameworkCore.Database.Command[20101]
      Executed DbCommand (1ms) [Parameters=[], CommandType='Text', CommandTimeout='30']
      SELECT c."Id", c."CreatedAt", c."Description", c."Name"
      FROM "Categories" AS c
info: Microsoft.EntityFrameworkCore.Database.Command[20101]
      Executed DbCommand (5ms) [Parameters=[], CommandType='Text', CommandTimeout='30']
      SELECT c."Id", c."CreatedAt", c."Description", c."Name"
      FROM "Categories" AS c
info: Microsoft.EntityFrameworkCore.Database.Command[20101]
      Executed DbCommand (5ms) [Parameters=[], CommandType='Text', CommandTimeout='30']
      SELECT count(*)::int
      FROM "Products" AS p
      WHERE p."IsActive"
info: Microsoft.EntityFrameworkCore.Database.Command[20101]
      Executed DbCommand (5ms) [Parameters=[], CommandType='Text', CommandTimeout='30']
      SELECT count(*)::int
      FROM "Products" AS p
      WHERE p."IsActive"
info: Microsoft.EntityFrameworkCore.Database.Command[20101]
      Executed DbCommand (2ms) [Parameters=[@__p_1='?' (DbType = Int32), @__p_0='?' (DbType = Int32)], CommandType='Text', CommandTimeout='30']
      SELECT t."Id", t."CategoryId", t."CreatedAt", t."Description", t."ImageUrl", t."IsActive", t."Name", t."Price", t."StockQuantity", t."UpdatedAt", c."Id", c."CreatedAt", c."Description", c."Name"
      FROM (
          SELECT p."Id", p."CategoryId", p."CreatedAt", p."Description", p."ImageUrl", p."IsActive", p."Name", p."Price", p."StockQuantity", p."UpdatedAt"
          FROM "Products" AS p
          WHERE p."IsActive"
          ORDER BY p."Name"
          LIMIT @__p_1 OFFSET @__p_0
      ) AS t
      INNER JOIN "Categories" AS c ON t."CategoryId" = c."Id"
      ORDER BY t."Name"
info: Microsoft.EntityFrameworkCore.Database.Command[20101]
      Executed DbCommand (4ms) [Parameters=[@__p_1='?' (DbType = Int32), @__p_0='?' (DbType = Int32)], CommandType='Text', CommandTimeout='30']
      SELECT t."Id", t."CategoryId", t."CreatedAt", t."Description", t."ImageUrl", t."IsActive", t."Name", t."Price", t."StockQuantity", t."UpdatedAt", c."Id", c."CreatedAt", c."Description", c."Name"
      FROM (
          SELECT p."Id", p."CategoryId", p."CreatedAt", p."Description", p."ImageUrl", p."IsActive", p."Name", p."Price", p."StockQuantity", p."UpdatedAt"
          FROM "Products" AS p
          WHERE p."IsActive"
          ORDER BY p."Name"
          LIMIT @__p_1 OFFSET @__p_0
      ) AS t
      INNER JOIN "Categories" AS c ON t."CategoryId" = c."Id"
      ORDER BY t."Name"
info: Microsoft.EntityFrameworkCore.Database.Command[20101]
      Executed DbCommand (1ms) [Parameters=[], CommandType='Text', CommandTimeout='30']
      SELECT c."Id", c."CreatedAt", c."Description", c."Name"
      FROM "Categories" AS c
info: Microsoft.EntityFrameworkCore.Database.Command[20101]
      Executed DbCommand (3ms) [Parameters=[], CommandType='Text', CommandTimeout='30']
      SELECT c."Id", c."CreatedAt", c."Description", c."Name"
      FROM "Categories" AS c
info: Microsoft.EntityFrameworkCore.Database.Command[20101]
      Executed DbCommand (1ms) [Parameters=[], CommandType='Text', CommandTimeout='30']
      SELECT c."Id", c."CreatedAt", c."Description", c."Name"
      FROM "Categories" AS c
info: Microsoft.EntityFrameworkCore.Database.Command[20101]
      Executed DbCommand (16ms) [Parameters=[], CommandType='Text', CommandTimeout='30']
      SELECT c."Id", c."CreatedAt", c."Description", c."Name"
      FROM "Categories" AS c
info: Microsoft.EntityFrameworkCore.Database.Command[20101]
      Executed DbCommand (10ms) [Parameters=[], CommandType='Text', CommandTimeout='30']
      SELECT c."Id", c."CreatedAt", c."Description", c."Name"
      FROM "Categories" AS c
info: Microsoft.EntityFrameworkCore.Database.Command[20101]
      Executed DbCommand (13ms) [Parameters=[], CommandType='Text', CommandTimeout='30']
      SELECT c."Id", c."CreatedAt", c."Description", c."Name"
      FROM "Categories" AS c
info: Microsoft.EntityFrameworkCore.Database.Command[20101]
      Executed DbCommand (2ms) [Parameters=[], CommandType='Text', CommandTimeout='30']
      SELECT c."Id", c."CreatedAt", c."Description", c."Name"
      FROM "Categories" AS c
info: Microsoft.EntityFrameworkCore.Database.Command[20101]
      Executed DbCommand (9ms) [Parameters=[@__q_CategoryId_Value_0='?' (DbType = Guid)], CommandType='Text', CommandTimeout='30']
      SELECT count(*)::int
      FROM "Products" AS p
      WHERE p."IsActive" AND p."CategoryId" = @__q_CategoryId_Value_0
info: Microsoft.EntityFrameworkCore.Database.Command[20101]
      Executed DbCommand (5ms) [Parameters=[@__q_CategoryId_Value_0='?' (DbType = Guid), @__p_2='?' (DbType = Int32), @__p_1='?' (DbType = Int32)], CommandType='Text', CommandTimeout='30']
      SELECT t."Id", t."CategoryId", t."CreatedAt", t."Description", t."ImageUrl", t."IsActive", t."Name", t."Price", t."StockQuantity", t."UpdatedAt", c."Id", c."CreatedAt", c."Description", c."Name"
      FROM (
          SELECT p."Id", p."CategoryId", p."CreatedAt", p."Description", p."ImageUrl", p."IsActive", p."Name", p."Price", p."StockQuantity", p."UpdatedAt"
          FROM "Products" AS p
          WHERE p."IsActive" AND p."CategoryId" = @__q_CategoryId_Value_0
          ORDER BY p."Name"
          LIMIT @__p_2 OFFSET @__p_1
      ) AS t
      INNER JOIN "Categories" AS c ON t."CategoryId" = c."Id"
      ORDER BY t."Name"
info: Microsoft.EntityFrameworkCore.Database.Command[20101]
      Executed DbCommand (7ms) [Parameters=[@__q_CategoryId_Value_0='?' (DbType = Guid)], CommandType='Text', CommandTimeout='30']
      SELECT count(*)::int
      FROM "Products" AS p
      WHERE p."IsActive" AND p."CategoryId" = @__q_CategoryId_Value_0
info: Microsoft.EntityFrameworkCore.Database.Command[20101]
      Executed DbCommand (2ms) [Parameters=[@__q_CategoryId_Value_0='?' (DbType = Guid), @__p_2='?' (DbType = Int32), @__p_1='?' (DbType = Int32)], CommandType='Text', CommandTimeout='30']
      SELECT t."Id", t."CategoryId", t."CreatedAt", t."Description", t."ImageUrl", t."IsActive", t."Name", t."Price", t."StockQuantity", t."UpdatedAt", c."Id", c."CreatedAt", c."Description", c."Name"
      FROM (
          SELECT p."Id", p."CategoryId", p."CreatedAt", p."Description", p."ImageUrl", p."IsActive", p."Name", p."Price", p."StockQuantity", p."UpdatedAt"
          FROM "Products" AS p
          WHERE p."IsActive" AND p."CategoryId" = @__q_CategoryId_Value_0
          ORDER BY p."Name"
          LIMIT @__p_2 OFFSET @__p_1
      ) AS t
      INNER JOIN "Categories" AS c ON t."CategoryId" = c."Id"
      ORDER BY t."Name"
info: Microsoft.EntityFrameworkCore.Database.Command[20101]
      Executed DbCommand (2ms) [Parameters=[@__q_CategoryId_Value_0='?' (DbType = Guid)], CommandType='Text', CommandTimeout='30']
      SELECT count(*)::int
      FROM "Products" AS p
      WHERE p."IsActive" AND p."CategoryId" = @__q_CategoryId_Value_0
info: Microsoft.EntityFrameworkCore.Database.Command[20101]
      Executed DbCommand (2ms) [Parameters=[@__q_CategoryId_Value_0='?' (DbType = Guid), @__p_2='?' (DbType = Int32), @__p_1='?' (DbType = Int32)], CommandType='Text', CommandTimeout='30']
      SELECT t."Id", t."CategoryId", t."CreatedAt", t."Description", t."ImageUrl", t."IsActive", t."Name", t."Price", t."StockQuantity", t."UpdatedAt", c."Id", c."CreatedAt", c."Description", c."Name"
      FROM (
          SELECT p."Id", p."CategoryId", p."CreatedAt", p."Description", p."ImageUrl", p."IsActive", p."Name", p."Price", p."StockQuantity", p."UpdatedAt"
          FROM "Products" AS p
          WHERE p."IsActive" AND p."CategoryId" = @__q_CategoryId_Value_0
          ORDER BY p."Name"
          LIMIT @__p_2 OFFSET @__p_1
      ) AS t
      INNER JOIN "Categories" AS c ON t."CategoryId" = c."Id"
      ORDER BY t."Name"
info: Microsoft.EntityFrameworkCore.Database.Command[20101]
      Executed DbCommand (2ms) [Parameters=[@__q_CategoryId_Value_0='?' (DbType = Guid)], CommandType='Text', CommandTimeout='30']
      SELECT count(*)::int
      FROM "Products" AS p
      WHERE p."IsActive" AND p."CategoryId" = @__q_CategoryId_Value_0
info: Microsoft.EntityFrameworkCore.Database.Command[20101]
      Executed DbCommand (1ms) [Parameters=[@__q_CategoryId_Value_0='?' (DbType = Guid), @__p_2='?' (DbType = Int32), @__p_1='?' (DbType = Int32)], CommandType='Text', CommandTimeout='30']
      SELECT t."Id", t."CategoryId", t."CreatedAt", t."Description", t."ImageUrl", t."IsActive", t."Name", t."Price", t."StockQuantity", t."UpdatedAt", c."Id", c."CreatedAt", c."Description", c."Name"
      FROM (
          SELECT p."Id", p."CategoryId", p."CreatedAt", p."Description", p."ImageUrl", p."IsActive", p."Name", p."Price", p."StockQuantity", p."UpdatedAt"
          FROM "Products" AS p
          WHERE p."IsActive" AND p."CategoryId" = @__q_CategoryId_Value_0
          ORDER BY p."Name"
          LIMIT @__p_2 OFFSET @__p_1
      ) AS t
      INNER JOIN "Categories" AS c ON t."CategoryId" = c."Id"
      ORDER BY t."Name"
info: Microsoft.EntityFrameworkCore.Database.Command[20101]
      Executed DbCommand (1ms) [Parameters=[@__q_CategoryId_Value_0='?' (DbType = Guid)], CommandType='Text', CommandTimeout='30']
      SELECT count(*)::int
      FROM "Products" AS p
      WHERE p."IsActive" AND p."CategoryId" = @__q_CategoryId_Value_0
info: Microsoft.EntityFrameworkCore.Database.Command[20101]
      Executed DbCommand (1ms) [Parameters=[@__q_CategoryId_Value_0='?' (DbType = Guid), @__p_2='?' (DbType = Int32), @__p_1='?' (DbType = Int32)], CommandType='Text', CommandTimeout='30']
      SELECT t."Id", t."CategoryId", t."CreatedAt", t."Description", t."ImageUrl", t."IsActive", t."Name", t."Price", t."StockQuantity", t."UpdatedAt", c."Id", c."CreatedAt", c."Description", c."Name"
      FROM (
          SELECT p."Id", p."CategoryId", p."CreatedAt", p."Description", p."ImageUrl", p."IsActive", p."Name", p."Price", p."StockQuantity", p."UpdatedAt"
          FROM "Products" AS p
          WHERE p."IsActive" AND p."CategoryId" = @__q_CategoryId_Value_0
          ORDER BY p."Name"
          LIMIT @__p_2 OFFSET @__p_1
      ) AS t
      INNER JOIN "Categories" AS c ON t."CategoryId" = c."Id"
      ORDER BY t."Name"
info: Microsoft.EntityFrameworkCore.Database.Command[20101]
      Executed DbCommand (7ms) [Parameters=[@__q_CategoryId_Value_0='?' (DbType = Guid)], CommandType='Text', CommandTimeout='30']
      SELECT count(*)::int
      FROM "Products" AS p
      WHERE p."IsActive" AND p."CategoryId" = @__q_CategoryId_Value_0
info: Microsoft.EntityFrameworkCore.Database.Command[20101]
      Executed DbCommand (3ms) [Parameters=[@__q_CategoryId_Value_0='?' (DbType = Guid), @__p_2='?' (DbType = Int32), @__p_1='?' (DbType = Int32)], CommandType='Text', CommandTimeout='30']
      SELECT t."Id", t."CategoryId", t."CreatedAt", t."Description", t."ImageUrl", t."IsActive", t."Name", t."Price", t."StockQuantity", t."UpdatedAt", c."Id", c."CreatedAt", c."Description", c."Name"
      FROM (
          SELECT p."Id", p."CategoryId", p."CreatedAt", p."Description", p."ImageUrl", p."IsActive", p."Name", p."Price", p."StockQuantity", p."UpdatedAt"
          FROM "Products" AS p
          WHERE p."IsActive" AND p."CategoryId" = @__q_CategoryId_Value_0
          ORDER BY p."Name"
          LIMIT @__p_2 OFFSET @__p_1
      ) AS t
      INNER JOIN "Categories" AS c ON t."CategoryId" = c."Id"
      ORDER BY t."Name"
info: Microsoft.EntityFrameworkCore.Database.Command[20101]
      Executed DbCommand (3ms) [Parameters=[@__q_CategoryId_Value_0='?' (DbType = Guid)], CommandType='Text', CommandTimeout='30']
      SELECT count(*)::int
      FROM "Products" AS p
      WHERE p."IsActive" AND p."CategoryId" = @__q_CategoryId_Value_0
info: Microsoft.EntityFrameworkCore.Database.Command[20101]
      Executed DbCommand (6ms) [Parameters=[@__q_CategoryId_Value_0='?' (DbType = Guid), @__p_2='?' (DbType = Int32), @__p_1='?' (DbType = Int32)], CommandType='Text', CommandTimeout='30']
      SELECT t."Id", t."CategoryId", t."CreatedAt", t."Description", t."ImageUrl", t."IsActive", t."Name", t."Price", t."StockQuantity", t."UpdatedAt", c."Id", c."CreatedAt", c."Description", c."Name"
      FROM (
          SELECT p."Id", p."CategoryId", p."CreatedAt", p."Description", p."ImageUrl", p."IsActive", p."Name", p."Price", p."StockQuantity", p."UpdatedAt"
          FROM "Products" AS p
          WHERE p."IsActive" AND p."CategoryId" = @__q_CategoryId_Value_0
          ORDER BY p."Name"
          LIMIT @__p_2 OFFSET @__p_1
      ) AS t
      INNER JOIN "Categories" AS c ON t."CategoryId" = c."Id"
      ORDER BY t."Name"
info: Microsoft.EntityFrameworkCore.Database.Command[20101]
      Executed DbCommand (2ms) [Parameters=[@__q_CategoryId_Value_0='?' (DbType = Guid)], CommandType='Text', CommandTimeout='30']
      SELECT count(*)::int
      FROM "Products" AS p
      WHERE p."IsActive" AND p."CategoryId" = @__q_CategoryId_Value_0
info: Microsoft.EntityFrameworkCore.Database.Command[20101]
      Executed DbCommand (1ms) [Parameters=[@__q_CategoryId_Value_0='?' (DbType = Guid), @__p_2='?' (DbType = Int32), @__p_1='?' (DbType = Int32)], CommandType='Text', CommandTimeout='30']
      SELECT t."Id", t."CategoryId", t."CreatedAt", t."Description", t."ImageUrl", t."IsActive", t."Name", t."Price", t."StockQuantity", t."UpdatedAt", c."Id", c."CreatedAt", c."Description", c."Name"
      FROM (
          SELECT p."Id", p."CategoryId", p."CreatedAt", p."Description", p."ImageUrl", p."IsActive", p."Name", p."Price", p."StockQuantity", p."UpdatedAt"
          FROM "Products" AS p
          WHERE p."IsActive" AND p."CategoryId" = @__q_CategoryId_Value_0
          ORDER BY p."Name"
          LIMIT @__p_2 OFFSET @__p_1
      ) AS t
      INNER JOIN "Categories" AS c ON t."CategoryId" = c."Id"
      ORDER BY t."Name"
info: Microsoft.EntityFrameworkCore.Database.Command[20101]
      Executed DbCommand (2ms) [Parameters=[@__q_CategoryId_Value_0='?' (DbType = Guid)], CommandType='Text', CommandTimeout='30']
      SELECT count(*)::int
      FROM "Products" AS p
      WHERE p."IsActive" AND p."CategoryId" = @__q_CategoryId_Value_0
info: Microsoft.EntityFrameworkCore.Database.Command[20101]
      Executed DbCommand (2ms) [Parameters=[@__q_CategoryId_Value_0='?' (DbType = Guid), @__p_2='?' (DbType = Int32), @__p_1='?' (DbType = Int32)], CommandType='Text', CommandTimeout='30']
      SELECT t."Id", t."CategoryId", t."CreatedAt", t."Description", t."ImageUrl", t."IsActive", t."Name", t."Price", t."StockQuantity", t."UpdatedAt", c."Id", c."CreatedAt", c."Description", c."Name"
      FROM (
          SELECT p."Id", p."CategoryId", p."CreatedAt", p."Description", p."ImageUrl", p."IsActive", p."Name", p."Price", p."StockQuantity", p."UpdatedAt"
          FROM "Products" AS p
          WHERE p."IsActive" AND p."CategoryId" = @__q_CategoryId_Value_0
          ORDER BY p."Name"
          LIMIT @__p_2 OFFSET @__p_1
      ) AS t
      INNER JOIN "Categories" AS c ON t."CategoryId" = c."Id"
      ORDER BY t."Name"
info: Microsoft.EntityFrameworkCore.Database.Command[20101]
      Executed DbCommand (8ms) [Parameters=[@__q_CategoryId_Value_0='?' (DbType = Guid)], CommandType='Text', CommandTimeout='30']
      SELECT count(*)::int
      FROM "Products" AS p
      WHERE p."IsActive" AND p."CategoryId" = @__q_CategoryId_Value_0
info: Microsoft.EntityFrameworkCore.Database.Command[20101]
      Executed DbCommand (6ms) [Parameters=[@__q_CategoryId_Value_0='?' (DbType = Guid), @__p_2='?' (DbType = Int32), @__p_1='?' (DbType = Int32)], CommandType='Text', CommandTimeout='30']
      SELECT t."Id", t."CategoryId", t."CreatedAt", t."Description", t."ImageUrl", t."IsActive", t."Name", t."Price", t."StockQuantity", t."UpdatedAt", c."Id", c."CreatedAt", c."Description", c."Name"
      FROM (
          SELECT p."Id", p."CategoryId", p."CreatedAt", p."Description", p."ImageUrl", p."IsActive", p."Name", p."Price", p."StockQuantity", p."UpdatedAt"
          FROM "Products" AS p
          WHERE p."IsActive" AND p."CategoryId" = @__q_CategoryId_Value_0
          ORDER BY p."Name"
          LIMIT @__p_2 OFFSET @__p_1
      ) AS t
      INNER JOIN "Categories" AS c ON t."CategoryId" = c."Id"
      ORDER BY t."Name"
info: Microsoft.EntityFrameworkCore.Database.Command[20101]
      Executed DbCommand (21ms) [Parameters=[@__id_0='?' (DbType = Guid)], CommandType='Text', CommandTimeout='30']
      SELECT p."Id", p."CategoryId", p."CreatedAt", p."Description", p."ImageUrl", p."IsActive", p."Name", p."Price", p."StockQuantity", p."UpdatedAt", c."Id", c."CreatedAt", c."Description", c."Name"
      FROM "Products" AS p
      INNER JOIN "Categories" AS c ON p."CategoryId" = c."Id"
      WHERE p."Id" = @__id_0
      LIMIT 1
info: Microsoft.EntityFrameworkCore.Database.Command[20101]
      Executed DbCommand (9ms) [Parameters=[@__id_0='?' (DbType = Guid)], CommandType='Text', CommandTimeout='30']
      SELECT p."Id", p."CategoryId", p."CreatedAt", p."Description", p."ImageUrl", p."IsActive", p."Name", p."Price", p."StockQuantity", p."UpdatedAt", c."Id", c."CreatedAt", c."Description", c."Name"
      FROM "Products" AS p
      INNER JOIN "Categories" AS c ON p."CategoryId" = c."Id"
      WHERE p."Id" = @__id_0
      LIMIT 1
info: Microsoft.EntityFrameworkCore.Database.Command[20101]
      Executed DbCommand (5ms) [Parameters=[@__id_0='?' (DbType = Guid)], CommandType='Text', CommandTimeout='30']
      SELECT p."Id", p."CategoryId", p."CreatedAt", p."Description", p."ImageUrl", p."IsActive", p."Name", p."Price", p."StockQuantity", p."UpdatedAt", c."Id", c."CreatedAt", c."Description", c."Name"
      FROM "Products" AS p
      INNER JOIN "Categories" AS c ON p."CategoryId" = c."Id"
      WHERE p."Id" = @__id_0
      LIMIT 1
info: Microsoft.EntityFrameworkCore.Database.Command[20101]
      Executed DbCommand (13ms) [Parameters=[@__item_Quantity_1='?' (DbType = Int32), @__item_ProductId_0='?' (DbType = Guid)], CommandType='Text', CommandTimeout='30']
      UPDATE "Products" AS p
      SET "UpdatedAt" = now(),
          "StockQuantity" = p."StockQuantity" - @__item_Quantity_1
      WHERE p."Id" = @__item_ProductId_0 AND p."IsActive" AND p."StockQuantity" >= @__item_Quantity_1
info: Microsoft.EntityFrameworkCore.Database.Command[20101]
      Executed DbCommand (6ms) [Parameters=[], CommandType='Text', CommandTimeout='30']
      SELECT c."Id", c."CreatedAt", c."Description", c."Name"
      FROM "Categories" AS c
info: Microsoft.EntityFrameworkCore.Database.Command[20101]
      Executed DbCommand (5ms) [Parameters=[], CommandType='Text', CommandTimeout='30']
      SELECT c."Id", c."CreatedAt", c."Description", c."Name"
      FROM "Categories" AS c
info: Microsoft.EntityFrameworkCore.Database.Command[20101]
      Executed DbCommand (1ms) [Parameters=[], CommandType='Text', CommandTimeout='30']
      SELECT c."Id", c."CreatedAt", c."Description", c."Name"
      FROM "Categories" AS c
info: Microsoft.EntityFrameworkCore.Database.Command[20101]
      Executed DbCommand (1ms) [Parameters=[], CommandType='Text', CommandTimeout='30']
      SELECT c."Id", c."CreatedAt", c."Description", c."Name"
      FROM "Categories" AS c
